experiment,alpha,stimulus_fraction,stimulated_neurons_count,unstimulated_neurons_count,is_stable,status_message,regime,v_max_observed,v_min_observed,total_spikes,mean_firing_rate_hz,active_neuron_fraction,max_firing_rate_hz,pre_stim_spikes,pre_stim_rate_hz,stim_window_spikes,stim_window_rate_hz,stim_window_active_fraction,stim_window_max_rate_hz,post_stim_spikes,post_stim_rate_hz,post_stim_active_fraction,post_stim_max_rate_hz,stimulated_rate_hz,unstimulated_rate_hz,stimulated_to_unstimulated_ratio,recruited_unstimulated_count,recruited_unstimulated_fraction,post_stimulus_persistence,total_synaptic_input_mv,mean_recurrent_input_per_neuron_mv,max_recurrent_input_mv,fraction_neurons_receiving_recurrent_input,mean_recurrent_input_from_stimulated_mv,mean_recurrent_input_from_unstimulated_mv,runtime_seconds
intact_sweep,0.0,0.25,250,750,True,Simulation completed normally.,Externally Driven (Weak Coupling),-50.0,-70.0,2250,2.25,0.25,9.0,0,0.0,2250,5.625,0.25,22.5,0,0.0,0.0,0.0,9.0,0.0,,0,0.0,0.0,0.0,0.0,0.0,0.0,0.0,0.0,0.7513
intact_sweep,0.001,0.25,250,750,True,Simulation completed normally.,Externally Driven (Weak Coupling),-48.11,-70.0,2250,2.25,0.25,9.0,0,0.0,2250,5.625,0.25,22.5,0,0.0,0.0,0.0,9.0,0.0,,0,0.0,0.0,2064.81,2.0648,26.25,1.0,2.0648,0.0,0.7433
intact_sweep,0.0025,0.25,250,750,True,Simulation completed normally.,Externally Driven (Weak Coupling),-45.19,-70.0,2250,2.25,0.25,9.0,0,0.0,2250,5.625,0.25,22.5,0,0.0,0.0,0.0,9.0,0.0,,0,0.0,0.0,5162.02,5.162,65.63,1.0,5.162,0.0,0.7161
intact_sweep,0.005,0.25,250,750,True,Simulation completed normally.,Externally Driven (Weak Coupling),-39.38,-70.0,2250,2.25,0.25,9.0,0,0.0,2250,5.625,0.25,22.5,0,0.0,0.0,0.0,9.0,0.0,,0,0.0,0.0,10324.04,10.324,131.26,1.0,10.324,0.0,0.716
intact_sweep,0.0075,0.25,250,750,True,Simulation completed normally.,Externally Driven (Weak Coupling),-34.1,-70.0,2259,2.26,0.251,9.0,0,0.0,2259,5.6475,0.251,22.5,0,0.0,0.0,0.0,9.0,0.012,750.0,1,0.0013,0.0,16357.07,16.3571,487.08,1.0,15.4861,0.871,0.7109
intact_sweep,0.01,0.25,250,750,True,Simulation completed normally.,Externally Driven (Weak Coupling),-28.78,-70.0,2284,2.28,0.256,9.0,0,0.0,2284,5.71,0.256,22.5,0,0.0,0.0,0.0,9.0,0.0453,198.5294,6,0.008,0.0,22378.37,22.3784,659.19,1.0,20.6481,1.7303,0.7129
intact_sweep,0.015,0.25,250,750,True,Simulation completed normally.,Recurrent Recruitment,-18.41,-70.0,2683,2.68,0.278,11.0,0,0.0,2683,6.7075,0.278,27.5,0,0.0,0.0,0.0,9.964,0.256,38.9219,28,0.0373,0.0,42845.66,42.8457,1178.41,1.0,34.3982,8.4475,0.7291
intact_sweep,0.02,0.25,250,750,True,Simulation completed normally.,Sustained Recurrent Activity,-19.15,-70.0,4407,4.41,0.396,27.0,0,0.0,4383,10.9575,0.396,67.5,24,0.06,0.024,2.5,12.84,1.596,8.0451,146,0.1947,0.0606,116032.17,116.0322,4218.48,1.0,65.9159,50.1163,0.8328
intact_sweep,0.03,0.25,250,750,True,Simulation completed normally.,Sustained Recurrent Activity,9.8,-70.0,19477,19.48,0.903,79.0,0,0.0,18854,47.135,0.903,190.0,623,1.5575,0.502,7.5,28.008,16.6333,1.6838,653,0.8707,0.5559,735781.38,735.7814,17461.92,1.0,230.3249,505.4565,1.0192
intact_sweep,0.04,0.25,250,750,False,Simulation unstable under current parameterization: Membrane potential exploded (>120 mV) at t=267.5 ms.,Unstable,123.32,-70.0,880,0.88,0.705,3.0,0,0.0,880,2.2,0.705,7.5,0,0.0,0.0,0.0,1.548,0.6573,2.355,455,0.6067,0.0,38940.16,38.9402,684.72,1.0,15.1688,23.7714,0.1993
intact_sweep,0.05,0.25,250,750,False,Simulation unstable under current parameterization: Membrane potential exploded (>120 mV) at t=234.0 ms.,Unstable,123.25,-70.0,341,0.34,0.341,1.0,0,0.0,341,0.8525,0.341,2.5,0,0.0,0.0,0.0,0.996,0.1227,8.1196,92,0.1227,0.0,19443.9,19.4439,444.15,1.0,11.4537,7.9902,0.1927
intact_sweep,0.0,0.1,100,900,True,Simulation completed normally.,Externally Driven (Weak Coupling),-50.0,-70.0,900,0.9,0.1,9.0,0,0.0,900,2.25,0.1,22.5,0,0.0,0.0,0.0,9.0,0.0,,0,0.0,0.0,0.0,0.0,0.0,0.0,0.0,0.0,0.8983
intact_sweep,0.001,0.1,100,900,True,Simulation completed normally.,Externally Driven (Weak Coupling),-49.37,-70.0,900,0.9,0.1,9.0,0,0.0,900,2.25,0.1,22.5,0,0.0,0.0,0.0,9.0,0.0,,0,0.0,0.0,911.28,0.9113,11.43,0.995,0.9113,0.0,0.8808
intact_sweep,0.0025,0.1,100,900,True,Simulation completed normally.,Externally Driven (Weak Coupling),-49.13,-70.0,900,0.9,0.1,9.0,0,0.0,900,2.25,0.1,22.5,0,0.0,0.0,0.0,9.0,0.0,,0,0.0,0.0,2278.19,2.2782,28.57,0.995,2.2782,0.0,1.0631
intact_sweep,0.005,0.1,100,900,True,Simulation completed normally.,Externally Driven (Weak Coupling),-47.53,-70.0,900,0.9,0.1,9.0,0,0.0,900,2.25,0.1,22.5,0,0.0,0.0,0.0,9.0,0.0,,0,0.0,0.0,4556.38,4.5564,57.15,0.995,4.5564,0.0,0.9461
intact_sweep,0.0075,0.1,100,900,True,Simulation completed normally.,Externally Driven (Weak Coupling),-46.84,-70.0,900,0.9,0.1,9.0,0,0.0,900,2.25,0.1,22.5,0,0.0,0.0,0.0,9.0,0.0,,0,0.0,0.0,6834.58,6.8346,85.72,0.995,6.8346,0.0,0.8592
intact_sweep,0.01,0.1,100,900,True,Simulation completed normally.,Externally Driven (Weak Coupling),-47.23,-70.0,900,0.9,0.1,9.0,0,0.0,900,2.25,0.1,22.5,0,0.0,0.0,0.0,9.0,0.0,,0,0.0,0.0,9112.77,9.1128,114.3,0.995,9.1128,0.0,0.8286
intact_sweep,0.015,0.1,100,900,True,Simulation completed normally.,Externally Driven (Weak Coupling),-45.35,-70.0,910,0.91,0.102,9.0,0,0.0,910,2.275,0.102,22.5,0,0.0,0.0,0.0,9.0,0.0111,810.0,2,0.0022,0.0,14013.93,14.0139,171.82,0.997,13.6692,0.3448,0.83
intact_sweep,0.02,0.1,100,900,True,Simulation completed normally.,Sustained Recurrent Activity,-27.16,-70.0,1163,1.16,0.127,14.0,0,0.0,1160,2.9,0.127,35.0,3,0.0075,0.003,2.5,10.41,0.1356,76.7951,27,0.03,0.0236,29895.58,29.8956,785.2,0.997,21.962,7.9336,0.8952
intact_sweep,0.03,0.1,100,900,True,Simulation completed normally.,Sustained Recurrent Activity,11.43,-70.0,10000,10.0,0.77,57.0,0,0.0,9918,24.795,0.77,140.0,82,0.205,0.082,2.5,20.72,8.8089,2.3522,670,0.7444,0.1065,416570.16,416.5702,11203.5,1.0,78.9683,337.6018,1.1533
intact_sweep,0.04,0.1,100,900,True,Simulation completed normally.,Recurrent Recruitment,60.68,-70.0,27777,27.78,0.96,83.0,0,0.0,27777,69.4425,0.96,207.5,0,0.0,0.0,0.0,36.68,26.7878,1.3693,860,0.9556,0.0,1307299.62,1307.2997,24954.88,1.0,180.3916,1126.908,1.3432
intact_sweep,0.05,0.1,100,900,False,Simulation unstable under current parameterization: Membrane potential exploded (>120 mV) at t=359.0 ms.,Unstable,166.8,-70.0,18641,18.64,0.988,40.0,0,0.0,18641,46.6025,0.988,100.0,0,0.0,0.0,0.0,21.55,18.3178,1.1765,888,0.9867,0.0,1039101.62,1039.1017,18284.4,1.0,129.4695,909.6322,0.576
intact_sweep,0.0,0.05,50,950,True,Simulation completed normally.,Externally Driven (Weak Coupling),-50.0,-70.0,450,0.45,0.05,9.0,0,0.0,450,1.125,0.05,22.5,0,0.0,0.0,0.0,9.0,0.0,,0,0.0,0.0,0.0,0.0,0.0,0.0,0.0,0.0,0.8346
intact_sweep,0.001,0.05,50,950,True,Simulation completed normally.,Externally Driven (Weak Coupling),-49.77,-70.0,450,0.45,0.05,9.0,0,0.0,450,1.125,0.05,22.5,0,0.0,0.0,0.0,9.0,0.0,,0,0.0,0.0,480.93,0.4809,6.9,0.988,0.4809,0.0,0.8125
intact_sweep,0.0025,0.05,50,950,True,Simulation completed normally.,Externally Driven (Weak Coupling),-49.16,-70.0,450,0.45,0.05,9.0,0,0.0,450,1.125,0.05,22.5,0,0.0,0.0,0.0,9.0,0.0,,0,0.0,0.0,1202.33,1.2023,17.26,0.988,1.2023,0.0,0.9151
intact_sweep,0.005,0.05,50,950,True,Simulation completed normally.,Externally Driven (Weak Coupling),-48.25,-70.0,450,0.45,0.05,9.0,0,0.0,450,1.125,0.05,22.5,0,0.0,0.0,0.0,9.0,0.0,,0,0.0,0.0,2404.67,2.4047,34.51,0.988,2.4047,0.0,0.8676
intact_sweep,0.0075,0.05,50,950,True,Simulation completed normally.,Externally Driven (Weak Coupling),-47.25,-70.0,450,0.45,0.05,9.0,0,0.0,450,1.125,0.05,22.5,0,0.0,0.0,0.0,9.0,0.0,,0,0.0,0.0,3607.0,3.607,51.77,0.988,3.607,0.0,0.8262
intact_sweep,0.01,0.05,50,950,True,Simulation completed normally.,Externally Driven (Weak Coupling),-47.58,-70.0,450,0.45,0.05,9.0,0,0.0,450,1.125,0.05,22.5,0,0.0,0.0,0.0,9.0,0.0,,0,0.0,0.0,4809.33,4.8093,69.03,0.988,4.8093,0.0,0.8246
intact_sweep,0.015,0.05,50,950,True,Simulation completed normally.,Externally Driven (Weak Coupling),-46.16,-70.0,450,0.45,0.05,9.0,0,0.0,450,1.125,0.05,22.5,0,0.0,0.0,0.0,9.0,0.0,,0,0.0,0.0,7214.0,7.214,103.54,0.988,7.214,0.0,0.8513
intact_sweep,0.02,0.05,50,950,True,Simulation completed normally.,Externally Driven (Weak Coupling),-44.84,-70.0,455,0.46,0.051,10.0,0,0.0,455,1.1375,0.051,25.0,0,0.0,0.0,0.0,9.02,0.0042,2142.25,1,0.0011,0.0,9894.02,9.894,138.76,0.988,9.6296,0.2644,0.941
intact_sweep,0.03,0.05,50,950,True,Simulation completed normally.,Recurrent Recruitment,-39.98,-70.0,582,0.58,0.071,13.0,0,0.0,582,1.455,0.071,32.5,0,0.0,0.0,0.0,9.56,0.1095,87.3269,21,0.0221,0.0,21972.24,21.9722,294.27,0.991,15.3816,6.5906,0.8629
intact_sweep,0.04,0.05,50,950,False,Simulation unstable under current parameterization: Membrane potential exploded (>120 mV) at t=360.5 ms.,Unstable,123.12,-70.0,10239,10.24,0.95,32.0,0,0.0,10239,25.5975,0.95,80.0,0,0.0,0.0,0.0,13.26,10.08,1.3155,900,0.9474,0.0,489618.19,489.6182,9588.64,1.0,32.2381,457.3801,0.4762
intact_sweep,0.05,0.05,50,950,True,Simulation completed normally.,Recurrent Recruitment,110.0,-70.0,50381,50.38,0.988,111.0,0,0.0,50381,125.9525,0.988,277.5,0,0.0,0.0,0.0,55.04,50.1358,1.0978,938,0.9874,0.0,2815561.25,2815.5613,50848.25,1.0,164.4731,2651.0879,1.4908
intact_sweep,0.0,0.01,10,990,True,Simulation completed normally.,Externally Driven (Weak Coupling),-50.0,-70.0,90,0.09,0.01,9.0,0,0.0,90,0.225,0.01,22.5,0,0.0,0.0,0.0,9.0,0.0,,0,0.0,0.0,0.0,0.0,0.0,0.0,0.0,0.0,0.8078
intact_sweep,0.001,0.01,10,990,True,Simulation completed normally.,Externally Driven (Weak Coupling),-50.0,-70.0,90,0.09,0.01,9.0,0,0.0,90,0.225,0.01,22.5,0,0.0,0.0,0.0,9.0,0.0,,0,0.0,0.0,90.5,0.0905,2.79,0.656,0.0905,0.0,0.8975
intact_sweep,0.0025,0.01,10,990,True,Simulation completed normally.,Externally Driven (Weak Coupling),-49.95,-70.0,90,0.09,0.01,9.0,0,0.0,90,0.225,0.01,22.5,0,0.0,0.0,0.0,9.0,0.0,,0,0.0,0.0,226.26,0.2263,6.97,0.656,0.2263,0.0,0.8054
intact_sweep,0.005,0.01,10,990,True,Simulation completed normally.,Externally Driven (Weak Coupling),-49.84,-70.0,90,0.09,0.01,9.0,0,0.0,90,0.225,0.01,22.5,0,0.0,0.0,0.0,9.0,0.0,,0,0.0,0.0,452.52,0.4525,13.95,0.656,0.4525,0.0,0.7919
intact_sweep,0.0075,0.01,10,990,True,Simulation completed normally.,Externally Driven (Weak Coupling),-49.74,-70.0,90,0.09,0.01,9.0,0,0.0,90,0.225,0.01,22.5,0,0.0,0.0,0.0,9.0,0.0,,0,0.0,0.0,678.78,0.6788,20.92,0.656,0.6788,0.0,0.7963
intact_sweep,0.01,0.01,10,990,True,Simulation completed normally.,Externally Driven (Weak Coupling),-49.63,-70.0,90,0.09,0.01,9.0,0,0.0,90,0.225,0.01,22.5,0,0.0,0.0,0.0,9.0,0.0,,0,0.0,0.0,905.04,0.905,27.9,0.656,0.905,0.0,0.8079
intact_sweep,0.015,0.01,10,990,True,Simulation completed normally.,Externally Driven (Weak Coupling),-49.42,-70.0,90,0.09,0.01,9.0,0,0.0,90,0.225,0.01,22.5,0,0.0,0.0,0.0,9.0,0.0,,0,0.0,0.0,1357.56,1.3576,41.85,0.656,1.3576,0.0,0.838
intact_sweep,0.02,0.01,10,990,True,Simulation completed normally.,Externally Driven (Weak Coupling),-49.19,-70.0,90,0.09,0.01,9.0,0,0.0,90,0.225,0.01,22.5,0,0.0,0.0,0.0,9.0,0.0,,0,0.0,0.0,1810.08,1.8101,55.8,0.656,1.8101,0.0,0.8413
intact_sweep,0.03,0.01,10,990,True,Simulation completed normally.,Externally Driven (Weak Coupling),-48.77,-70.0,90,0.09,0.01,9.0,0,0.0,90,0.225,0.01,22.5,0,0.0,0.0,0.0,9.0,0.0,,0,0.0,0.0,2715.12,2.7151,83.7,0.656,2.7151,0.0,0.819
intact_sweep,0.04,0.01,10,990,True,Simulation completed normally.,Externally Driven (Weak Coupling),-48.35,-70.0,90,0.09,0.01,9.0,0,0.0,90,0.225,0.01,22.5,0,0.0,0.0,0.0,9.0,0.0,,0,0.0,0.0,3620.16,3.6202,111.6,0.656,3.6202,0.0,0.8066
intact_sweep,0.05,0.01,10,990,False,Simulation unstable under current parameterization: Membrane potential exploded (>120 mV) at t=666.0 ms.,Unstable,181.5,-70.0,50790,50.79,0.986,116.0,0,0.0,40916,102.29,0.985,235.0,9874,24.685,0.986,55.0,48.6,50.8121,0.9565,975,0.9848,1.001,2860782.5,2860.7825,52914.6,1.0,28.078,2832.7046,1.2527
intact_sweep,0.0,0.0,0,1000,True,Simulation completed normally.,Externally Driven (Weak Coupling),-64.63,-65.41,0,0.0,0.0,0.0,0,0.0,0,0.0,0.0,0.0,0,0.0,0.0,0.0,0.0,0.0,,0,0.0,,0.0,0.0,0.0,0.0,0.0,0.0,0.8639
intact_sweep,0.001,0.0,0,1000,True,Simulation completed normally.,Externally Driven (Weak Coupling),-64.63,-65.41,0,0.0,0.0,0.0,0,0.0,0,0.0,0.0,0.0,0,0.0,0.0,0.0,0.0,0.0,,0,0.0,,0.0,0.0,0.0,0.0,0.0,0.0,0.8074
intact_sweep,0.0025,0.0,0,1000,True,Simulation completed normally.,Externally Driven (Weak Coupling),-64.63,-65.41,0,0.0,0.0,0.0,0,0.0,0,0.0,0.0,0.0,0,0.0,0.0,0.0,0.0,0.0,,0,0.0,,0.0,0.0,0.0,0.0,0.0,0.0,0.7867
intact_sweep,0.005,0.0,0,1000,True,Simulation completed normally.,Externally Driven (Weak Coupling),-64.63,-65.41,0,0.0,0.0,0.0,0,0.0,0,0.0,0.0,0.0,0,0.0,0.0,0.0,0.0,0.0,,0,0.0,,0.0,0.0,0.0,0.0,0.0,0.0,0.803
intact_sweep,0.0075,0.0,0,1000,True,Simulation completed normally.,Externally Driven (Weak Coupling),-64.63,-65.41,0,0.0,0.0,0.0,0,0.0,0,0.0,0.0,0.0,0,0.0,0.0,0.0,0.0,0.0,,0,0.0,,0.0,0.0,0.0,0.0,0.0,0.0,0.7861
intact_sweep,0.01,0.0,0,1000,True,Simulation completed normally.,Externally Driven (Weak Coupling),-64.63,-65.41,0,0.0,0.0,0.0,0,0.0,0,0.0,0.0,0.0,0,0.0,0.0,0.0,0.0,0.0,,0,0.0,,0.0,0.0,0.0,0.0,0.0,0.0,0.8025
intact_sweep,0.015,0.0,0,1000,True,Simulation completed normally.,Externally Driven (Weak Coupling),-64.63,-65.41,0,0.0,0.0,0.0,0,0.0,0,0.0,0.0,0.0,0,0.0,0.0,0.0,0.0,0.0,,0,0.0,,0.0,0.0,0.0,0.0,0.0,0.0,0.8624
intact_sweep,0.02,0.0,0,1000,True,Simulation completed normally.,Externally Driven (Weak Coupling),-64.63,-65.41,0,0.0,0.0,0.0,0,0.0,0,0.0,0.0,0.0,0,0.0,0.0,0.0,0.0,0.0,,0,0.0,,0.0,0.0,0.0,0.0,0.0,0.0,0.8388
intact_sweep,0.03,0.0,0,1000,True,Simulation completed normally.,Externally Driven (Weak Coupling),-64.63,-65.41,0,0.0,0.0,0.0,0,0.0,0,0.0,0.0,0.0,0,0.0,0.0,0.0,0.0,0.0,,0,0.0,,0.0,0.0,0.0,0.0,0.0,0.0,0.8368
intact_sweep,0.04,0.0,0,1000,True,Simulation completed normally.,Externally Driven (Weak Coupling),-64.63,-65.41,0,0.0,0.0,0.0,0,0.0,0,0.0,0.0,0.0,0,0.0,0.0,0.0,0.0,0.0,,0,0.0,,0.0,0.0,0.0,0.0,0.0,0.0,0.7913
intact_sweep,0.05,0.0,0,1000,True,Simulation completed normally.,Externally Driven (Weak Coupling),-64.63,-65.41,0,0.0,0.0,0.0,0,0.0,0,0.0,0.0,0.0,0,0.0,0.0,0.0,0.0,0.0,,0,0.0,,0.0,0.0,0.0,0.0,0.0,0.0,0.8526
