lesion_strategy,lesion_fraction,lesion_count,seed,remaining_neurons,remaining_edges,remaining_total_synaptic_weight,largest_weak_component_size,largest_wcc_relative_fraction,total_spikes,mean_firing_rate_hz,median_firing_rate_hz,max_firing_rate_hz,active_neuron_fraction,population_peak_rate_hz,population_mean_rate_hz,relative_change_from_baseline,relative_change_total_spikes,network_robustness,activity_robustness,remaining_edge_fraction,remaining_weight_fraction,simulation_stable,runtime_seconds,ablated_neuron_ids
baseline,0.0,0,42,1000,113089,937685.0,1000,1.0,2283,2.28,0.0,9.0,0.255,25.5,2.283,0.0,0.0,1.0,1.0,1.0,1.0,True,0.5546,
random,0.01,10,42,990,111133,920348.0,990,0.99,2531,2.56,0.0,15.0,0.2606,25.8586,2.5566,0.1228,0.1086,0.9827,1.1228,0.9827,0.9815,True,0.5896,1284;15617;1329;11175;6054;6020;12625;1394;2763;19796
random,0.01,10,123,990,110622,916576.0,990,0.99,2555,2.58,0.0,11.0,0.2616,26.0606,2.5808,0.1316,0.1191,0.9782,1.1316,0.9782,0.9775,True,0.556,392;20579;2958;4372;12147;9077;3480;2463;2542;779
random,0.01,10,456,990,111384,916316.0,990,0.99,2261,2.28,0.0,10.0,0.2556,25.4545,2.2838,0.0,-0.0096,0.9849,1.0,0.9849,0.9772,True,0.5501,10045;1854;6628;19474;6203;713;14690;6459;21140;4664
random,0.01,10,789,990,110771,916761.0,990,0.99,2540,2.57,0.0,13.0,0.2596,25.7576,2.5657,0.1272,0.1126,0.9795,1.1272,0.9795,0.9777,True,0.5728,2857;12645;19606;2394;5417;1586;92;1346;10184;8028
random,0.01,10,1000,990,111105,918344.0,990,0.99,2497,2.52,0.0,10.0,0.2596,25.8586,2.5222,0.1053,0.0937,0.9825,1.1053,0.9825,0.9794,True,0.5653,7967;19387;6683;2763;2793;2823;7486;9422;7858;19645
random,0.05,50,42,950,101544,838815.0,950,0.95,2187,2.3,0.0,9.0,0.2579,25.7895,2.3021,0.0088,-0.042,0.8979,1.0088,0.8979,0.8946,True,0.5532,5353;7427;6054;1263;17838;21091;10173;12625;3646;6203;4701;12182;5613;945;15058;7555;6997;14609;2650;19386;8400;19309;2313;11844;20303;20475;5727;21379;19421;20571;10147;10103;12790;6145;20811;12548;849;13518;6050;19721;8028;3025;1194;15107;13756;2478;4789;1858;1346;19397
random,0.05,50,123,950,100243,831608.0,950,0.95,2165,2.28,0.0,9.0,0.2537,25.3684,2.2789,0.0,-0.0517,0.8864,1.0,0.8864,0.8869,True,0.5417,2840;327;13419;20046;6050;20212;5660;13407;8716;18966;2542;3280;20471;21462;7289;6041;2416;18329;11175;4374;3209;18306;19475;2132;17043;2833;7465;2338;4249;3579;393;20628;5418;8969;3113;15107;10004;3238;3073;443;19309;2470;7698;17941;6033;767;3510;3295;389;19570
random,0.05,50,456,950,101375,847748.0,950,0.95,2216,2.33,0.0,10.0,0.2621,26.1053,2.3326,0.0219,-0.0293,0.8964,1.0219,0.8964,0.9041,True,0.5482,344;3910;4352;3236;6203;4174;851;1812;21140;3158;6613;5943;2441;2454;20781;11278;13184;2403;12182;7555;15674;18335;3113;20733;4381;787;20976;5198;1167;9256;16718;5976;1365;6702;4224;6217;19066;19645;7708;12398;3398;8580;12073;701;7155;3860;8330;4789;8245;2940
random,0.05,50,789,950,102421,840256.0,950,0.95,2160,2.27,0.0,9.0,0.2558,25.5789,2.2737,-0.0044,-0.0539,0.9057,0.9956,0.9057,0.8961,True,0.5711,17941;10802;13682;394;21708;4927;5976;5860;3721;9063;6628;2704;6997;1534;5462;13184;1167;20811;19792;677;2806;926;7698;21659;14860;3221;5942;12001;7733;9976;92;1162;1313;2257;5431;19325;8871;20530;5152;10018;19527;9065;10162;9535;6590;9175;11220;7882;3871;14471
random,0.05,50,1000,950,101898,852695.0,950,0.95,2204,2.32,0.0,9.0,0.26,26.0,2.32,0.0175,-0.0346,0.901,1.0175,0.901,0.9094,True,0.5872,2704;19714;13419;12633;12625;19346;5019;9976;2543;70;2736;10876;19366;2498;17957;8889;12031;3263;3821;3672;20467;11278;21091;21046;20231;19582;2510;3610;7602;5833;7427;10045;21463;1795;394;17043;6830;6849;2204;17941;2155;2650;6366;6302;4673;2748;8074;6209;3453;19298
random,0.1,100,42,900,90980,746754.0,900,0.9,2068,2.3,0.0,9.0,0.2578,25.7778,2.2978,0.0088,-0.0942,0.8045,1.0088,0.8045,0.7964,True,0.5499,5997;20683;21285;6204;5748;13896;2154;4206;2229;11278;2416;6736;5307;15126;4780;10260;19474;2510;19525;21059;2853;20444;19719;1805;2235;16718;16772;2542;20957;2063;3238;7858;12525;6781;7601;3858;20309;13147;9324;15058;20765;19570;7915;5155;5577;6613;10045;900;12625;2977;9175;20487;11253;4706;5843;6302;19797;6694;12029;12975;5037;4574;12645;1114;10410;12324;17145;1150;3506;1509;20655;13061;681;17521;11411;6033;19309;2543;4607;821;1284;6428;20467;5382;4036;19082;9242;10842;6343;13175;21072;4374;13092;1861;11906;4280;1168;8529;5647;19410
random,0.1,100,123,900,91591,773282.0,900,0.9,2061,2.29,0.0,9.0,0.2544,25.4444,2.29,0.0044,-0.0972,0.8099,1.0044,0.8099,0.8247,True,0.573,1114;13935;14609;20348;7289;3300;6702;6217;389;2510;2711;19404;19558;4229;20579;5486;19655;14501;3454;6665;17145;7715;433;392;2403;2230;20370;20641;5035;2956;2257;3609;13184;2463;8124;12526;8021;14797;13135;6145;21718;3991;8529;19431;20110;2736;4049;18940;3047;3898;732;4597;12790;12633;4877;20689;12518;5527;7698;5360;7733;2436;9422;6054;21627;2735;10378;1072;9890;19714;5110;19585;9065;9255;3158;2012;2286;6694;7029;13682;2840;545;3317;3205;11844;3182;5412;327;2748;21708;1926;6282;2955;14399;387;17957;3025;15126;5577;8853
random,0.1,100,456,900,90163,753209.0,900,0.9,2046,2.27,0.0,9.0,0.2544,25.4444,2.2733,-0.0044,-0.1038,0.7973,0.9956,0.7973,0.8033,True,0.5434,7018;1526;9524;3506;11779;4238;21285;6983;20909;7733;7613;3041;2252;11411;19797;21515;5860;10647;3944;8708;7632;3542;8003;4591;3933;12397;2155;12414;681;20471;10842;432;20370;2955;1313;13469;4789;13075;20707;2376;3871;7029;6203;14501;10082;3493;6781;5430;4224;5014;3667;3721;4574;2338;20781;1759;10083;19277;7724;779;337;20794;21704;20684;13756;9836;1589;4987;677;6124;11227;6719;10277;6613;14167;2807;12548;1367;20392;13424;20955;20655;832;5800;5353;3610;19421;3209;3602;2956;20576;5035;1134;14797;20722;6229;11046;2981;19397;12734
random,0.1,100,789,900,91923,760880.0,900,0.9,2059,2.29,0.0,9.0,0.2567,25.6667,2.2878,0.0044,-0.0981,0.8128,1.0044,0.8128,0.8114,True,0.5527,8400;8550;5430;5166;3552;8572;8601;2748;2542;658;21499;1134;19788;5152;3200;1795;849;8832;1129;12634;1194;567;4352;7276;9982;3280;9043;3033;9255;6817;20088;8850;7858;5419;6145;1812;3484;5079;9663;2198;21379;13143;781;14285;20903;6428;2084;21019;14118;3672;5056;7715;2201;6124;2940;10378;20989;19730;9584;20646;2705;12398;21214;2650;2135;393;6997;19375;5431;5069;1365;12858;7163;12815;8911;10173;9077;20471;92;5992;15423;6217;13518;20230;7277;3527;8422;5800;19298;20916;21718;12304;20707;5418;4927;4607;20963;4022;18329;14609
random,0.1,100,1000,900,92519,766244.0,900,0.9,2063,2.29,0.0,10.0,0.2556,25.4444,2.2922,0.0044,-0.0964,0.8181,1.0044,0.8181,0.8172,True,0.5487,6364;19788;2623;1895;344;1746;20571;4374;20329;2510;2956;11411;5079;4347;6694;3678;20817;2542;6356;8708;19387;10628;6983;2454;20655;20972;393;4032;11452;6053;11235;8530;18325;2436;19298;2600;11844;21009;20638;2245;6830;2940;14160;2463;18026;2376;15073;790;19714;779;85;4877;5486;13061;13935;1854;13518;15554;9788;6613;19061;2132;7601;12734;10103;2705;337;3113;2104;8601;20772;3609;1759;5943;4667;8453;19325;15843;21462;19482;3242;9043;12525;8400;5037;19749;9077;2066;70;5417;5860;3910;13809;3527;13143;3495;4022;8346;12121;6204
random,0.2,200,42,800,72895,603859.0,800,0.8,1827,2.28,0.0,9.0,0.255,25.375,2.2837,0.0,-0.1997,0.6446,1.0,0.6446,0.644,True,0.5299,4265;6994;6122;1313;1263;3957;5748;9535;2977;8708;7959;20303;7602;12975;10045;4607;12769;9167;14609;2600;12548;12622;931;12731;545;2012;2338;18940;7724;19556;4323;20905;20231;10781;20638;4647;10204;18076;14118;3579;3771;2268;20641;19386;1824;790;20392;13151;5430;785;3221;5167;3944;12252;3510;10654;13127;1860;9524;5477;19831;9399;6302;13756;3497;1589;651;4009;1873;20733;8003;3678;21019;5667;7039;9422;5360;14860;2286;8014;4229;3871;20817;19986;6665;4282;2793;20669;21668;7914;1149;2498;7894;6310;5647;3453;1286;1079;18278;13135;8028;4421;19423;20611;5942;3743;12669;306;5014;12330;2235;18335;4753;12414;9533;20986;5424;9096;6053;6459;5943;8703;19326;1896;19061;4049;9976;5019;7957;3190;2736;19517;5068;9065;432;14167;21091;10647;15126;20627;2071;10876;21007;9788;5523;2865;8871;12324;21038;4352;1030;1686;19570;567;10018;1805;13407;12397;14576;7170;21140;21414;20230;5992;3041;20359;1114;4701;20811;7427;5044;19305;14513;20689;5408;12805;779;7915;2158;2163;5307;5155;1612;8984;10147;4574;8572;12182;3821;11452;4783;11076;5056;17864;2376;13935;462;8850;21292;1783
random,0.2,200,123,800,72561,614977.0,800,0.8,1800,2.25,0.0,9.0,0.25,25.0,2.25,-0.0132,-0.2116,0.6416,0.9868,0.6416,0.6558,True,0.6627,4975;21708;1926;6459;21072;5419;4347;2577;6364;21718;485;8837;3317;20231;11396;5424;5477;19387;4381;4501;7708;6310;4594;4229;12633;8970;2155;3493;3209;18335;6761;6072;12645;20456;12734;20530;3541;3266;1129;20759;75;8021;4374;5166;8979;5014;4049;9982;19517;19309;2704;14797;5800;4780;6157;20957;11906;21428;5117;4063;6209;20955;3041;19797;2230;3721;20224;8708;1848;1072;3602;14285;20907;851;4607;302;10378;2132;3771;3190;1793;18325;19522;2763;12001;5418;5431;12709;12858;20628;8245;306;2736;2163;8028;7163;17043;18278;20689;2470;3898;19423;8453;4035;19305;20329;471;20672;1346;11076;13424;19397;6613;5527;9463;378;2084;21009;20611;21155;4965;387;8445;19076;19796;2807;13447;11840;20487;2066;21379;5198;21059;931;1854;5486;9422;7724;6421;2650;12304;21138;2481;17521;14860;2435;3886;710;5833;6590;2967;10876;1746;790;7915;4323;2840;424;4791;20113;7279;1114;8074;9890;2213;5382;3221;21456;10103;15126;14399;5210;6053;6772;2808;8550;19742;2338;7456;7486;11253;19717;20707;15423;4701;13518;2543;85;6428;12252;20212;3931;7919;14576;6722;2478;19383;5330;20627;3295
random,0.2,200,456,800,73680,593740.0,800,0.8,1809,2.26,0.0,9.0,0.2512,25.125,2.2612,-0.0088,-0.2076,0.6515,0.9912,0.6515,0.6332,True,0.6938,19749;20963;6364;8871;21007;20931;20379;3025;3436;13682;11794;18329;15617;7894;6038;20989;8584;1536;3552;5079;20660;6613;651;6124;20444;3771;8422;19475;20509;4374;327;9976;20646;4789;3266;11318;779;6421;21411;2154;602;20329;2981;4501;6722;4791;1783;13424;20046;5056;5412;4035;4558;20781;12733;5418;731;20224;19527;19589;11244;19742;8572;2066;1162;19582;19319;1313;5417;19792;8865;19076;6053;3200;5035;18325;1686;432;5613;11077;11618;4343;5353;13702;20707;10260;2704;3480;2084;3312;11175;7858;7715;10201;19719;21011;20794;15843;2705;3858;7959;19915;4347;931;2722;8785;8827;2213;13518;7491;5424;6050;5069;424;3574;3506;20907;2117;11396;20576;12391;20348;8969;1746;14911;19629;849;3931;2833;7486;3295;781;9399;2823;3317;4022;10082;1792;2009;3073;945;2858;6343;8927;2490;9648;2736;3221;19831;12728;2563;3300;20113;19395;12031;4280;11840;1897;12121;10277;21155;19573;2748;9417;20303;3182;20655;16772;8593;8462;8853;8532;2463;5117;4706;5885;1263;12977;5976;19525;9242;1367;4783;1812;19558;14690;2865;10781;8268;19480;2560;10802;3158;2510;21009;12653;2155;21019;3113;5044
random,0.2,200,789,800,73886,639514.0,800,0.8,2038,2.55,0.0,19.0,0.255,25.5,2.5475,0.1184,-0.1073,0.6533,1.1184,0.6533,0.682,True,0.7593,3300;559;19792;2490;1926;20059;8400;5166;20044;6072;2436;5141;6020;7289;6447;19565;2560;3895;7465;11235;7163;11411;6343;2235;11779;3200;20707;21260;5152;745;8422;10647;1793;12548;931;2956;17864;529;21708;2704;19719;21038;5330;1895;7882;6033;6229;1713;7613;4049;1176;3205;9175;10752;19396;10781;302;1072;4791;2463;21463;651;4607;13135;8969;767;6302;4975;17941;5035;1783;5430;6421;785;2245;3850;10201;4789;12733;1194;5353;4780;20638;19061;2230;20999;1866;4591;4421;2899;1924;4304;8346;20793;8003;3221;20582;4038;13272;19558;8529;5408;4558;12734;11278;13864;4783;16402;12397;7914;6204;20811;15107;8716;6203;7491;19522;2441;6145;20498;2416;10173;7881;20794;3047;19062;3667;5419;19570;2833;19629;19421;14501;7696;3936;11287;19517;7029;19717;19431;20784;20359;20295;15059;19914;15073;2252;10204;4594;5110;4501;20481;945;4345;2736;10082;5128;19827;8703;14399;21138;7601;20609;9255;85;19645;4309;5068;567;1284;1873;9788;6613;1167;7618;2338;20370;17838;9648;19749;12147;12029;7919;3113;12709;12304;9324;3675;6628;1612;1114;2967;3858;7724;20683;5527;7477;9417;8074;389
random,0.2,200,1000,800,72572,581458.0,800,0.8,1800,2.25,0.0,9.0,0.25,25.0,2.25,-0.0132,-0.2116,0.6417,0.9868,0.6417,0.6201,True,0.6419,1109;2313;12755;20579;5577;8785;6061;2506;5210;20576;6309;5412;2084;6053;8550;15524;3200;4349;20646;3542;19387;14831;13092;20963;7914;4777;9535;5152;4240;5992;3991;4206;13809;2066;5431;13432;11233;12790;20907;12769;7882;3667;20660;12432;20493;19721;1537;11794;767;19366;10277;21140;70;20740;10781;651;2704;14700;19421;9584;4309;2416;485;5079;7957;2158;4597;18076;8400;19297;11318;1882;2071;1746;2417;6124;6772;21009;21155;19730;2252;19788;389;8456;19383;21668;392;2201;2463;20898;20582;5727;6761;20894;3933;1861;15423;3493;2940;4574;19585;11694;85;5417;3113;2435;6702;19796;1873;20903;19629;1367;12731;12669;327;2560;337;2858;7427;21317;2635;8422;12073;3957;4381;4343;9890;12031;5667;6830;5860;3646;10130;5462;6204;3190;11077;1114;13151;20370;11244;5613;21453;8453;2338;851;1805;19346;18306;12324;10201;7039;1509;1874;6217;5885;20957;6050;3260;4975;20491;9547;7555;9043;20732;4203;14690;20638;15617;9463;2806;13075;7276;9167;20231;2229;1534;3317;3263;2470;9175;7601;3221;6459;1860;3886;2705;731;11278;3495;20110;2230;4987;4036;12304;6997;2600;5444;11502;11396
hub,0.01,10,NA,990,105809,880934.0,990,0.99,2360,2.38,0.0,11.0,0.2566,25.6566,2.3838,0.0439,0.0337,0.9356,1.0439,0.9356,0.9395,True,0.7495,3506;785;1805;5477;2417;20318;3236;9256;3190;6719
hub,0.05,50,NA,950,86381,717488.0,950,0.95,2164,2.28,0.0,9.0,0.2537,25.3684,2.2779,0.0,-0.0521,0.7638,1.0,0.7638,0.7652,True,0.6571,3506;785;1805;5477;2417;20318;3236;9256;3190;6719;8944;19397;1162;20722;701;2470;2507;21227;18026;3041;20817;5800;20784;3845;4591;393;3910;4673;7708;2510;5444;2858;1795;20628;8525;447;7957;545;1176;20568;20972;5843;832;1793;18966;21011;3480;3579;3931;6217
hub,0.1,100,NA,900,69570,564512.0,900,0.9,2025,2.25,0.0,9.0,0.25,25.0,2.25,-0.0132,-0.113,0.6152,0.9868,0.6152,0.602,True,0.8307,3506;785;1805;5477;2417;20318;3236;9256;3190;6719;8944;19397;1162;20722;701;2470;2507;21227;18026;3041;20817;5800;20784;3845;4591;393;3910;4673;7708;2510;5444;2858;1795;20628;8525;447;7957;545;1176;20568;20972;5843;832;1793;18966;21011;3480;3579;3931;6217;1903;6041;2577;3527;21659;3221;17941;4594;2563;3182;8021;1194;392;6033;19558;223;20909;21226;658;20963;821;19485;2977;5391;747;2840;5997;20487;19076;7427;20465;3158;1536;2478;19319;2763;19570;20707;306;1882;5068;19749;20059;18325;719;20597;21515;2857;20495;6053
hub,0.2,200,NA,800,47301,381489.0,800,0.8,1800,2.25,0.0,9.0,0.25,25.0,2.25,-0.0132,-0.2116,0.4183,0.9868,0.4183,0.4068,True,0.7723,3506;785;1805;5477;2417;20318;3236;9256;3190;6719;8944;19397;1162;20722;701;2470;2507;21227;18026;3041;20817;5800;20784;3845;4591;393;3910;4673;7708;2510;5444;2858;1795;20628;8525;447;7957;545;1176;20568;20972;5843;832;1793;18966;21011;3480;3579;3931;6217;1903;6041;2577;3527;21659;3221;17941;4594;2563;3182;8021;1194;392;6033;19558;223;20909;21226;658;20963;821;19485;2977;5391;747;2840;5997;20487;19076;7427;20465;3158;1536;2478;19319;2763;19570;20707;306;1882;5068;19749;20059;18325;719;20597;21515;2857;20495;6053;3295;18076;6310;1586;20370;21285;1284;3025;14831;2154;1820;2600;20955;302;8827;3991;2204;19386;8400;4304;2650;5418;8728;5860;2955;2436;1860;4265;4798;5128;2865;6145;12790;3646;14118;461;21453;800;6364;3667;4412;5727;5430;12330;1168;1723;19741;1578;429;2229;3936;4038;3280;6050;20647;4224;2634;6736;4574;8330;4607;9976;21704;2821;4783;12645;767;1842;2155;19556;2490;5462;8028;529;3771;4372;1612;5885;7277;20456;20646;11244;3242;13408;1149;1896;4036;19066;7039;2542;3957;13682;20392;20794;2736;6229;1114;3986;7289;1866
