lesion_strategy,lesion_fraction,lesion_count,num_runs,mean_firing_rate_mean,mean_firing_rate_std,mean_firing_rate_min,mean_firing_rate_max,total_spikes_mean,total_spikes_std,total_spikes_min,total_spikes_max,active_neuron_fraction_mean,active_neuron_fraction_std,network_robustness_mean,network_robustness_std,activity_robustness_mean,activity_robustness_std,relative_change_rate_mean,relative_change_rate_std,remaining_edges_mean,remaining_edges_std,remaining_weight_mean,remaining_weight_std,largest_wcc_relative_fraction_mean,largest_wcc_relative_fraction_std
baseline,0.0,0,1,2.28,0.0,2.28,2.28,2283.0,0.0,2283,2283,0.255,0.0,1.0,0.0,1.0,0.0,0.0,0.0,113089.0,0.0,937685.0,0.0,1.0,0.0
hub,0.01,10,1,2.38,0.0,2.38,2.38,2360.0,0.0,2360,2360,0.2566,0.0,0.9356,0.0,1.0439,0.0,0.0439,0.0,105809.0,0.0,880934.0,0.0,0.99,0.0
hub,0.05,50,1,2.28,0.0,2.28,2.28,2164.0,0.0,2164,2164,0.2537,0.0,0.7638,0.0,1.0,0.0,0.0,0.0,86381.0,0.0,717488.0,0.0,0.95,0.0
hub,0.1,100,1,2.25,0.0,2.25,2.25,2025.0,0.0,2025,2025,0.25,0.0,0.6152,0.0,0.9868,0.0,-0.0132,0.0,69570.0,0.0,564512.0,0.0,0.9,0.0
hub,0.2,200,1,2.25,0.0,2.25,2.25,1800.0,0.0,1800,1800,0.25,0.0,0.4183,0.0,0.9868,0.0,-0.0132,0.0,47301.0,0.0,381489.0,0.0,0.8,0.0
random,0.01,10,5,2.502,0.1262,2.28,2.58,2476.8,122.5,2261,2555,0.2594,0.0023,0.9816,0.0027,1.0974,0.0553,0.0974,0.0553,111003.0,304.7,917669.0,1694.3,0.99,0.0
random,0.05,50,5,2.3,0.0255,2.27,2.33,2186.4,24.2,2160,2216,0.2579,0.0033,0.8975,0.0071,1.0088,0.0112,0.0088,0.0112,101496.2,806.9,842224.4,8190.7,0.95,0.0
random,0.1,100,5,2.288,0.011,2.27,2.3,2059.4,8.2,2046,2068,0.2558,0.0015,0.8085,0.008,1.0035,0.0048,0.0035,0.0048,91435.2,903.1,760073.8,10460.9,0.9,0.0
random,0.2,200,5,2.318,0.1303,2.25,2.55,1854.8,103.0,1800,2038,0.2522,0.0026,0.6465,0.0055,1.0166,0.0571,0.0166,0.0571,73118.8,625.3,606709.6,22127.2,0.8,0.0
