lesion_strategy,lesion_fraction,lesion_count,seed,baseline_neurons,remaining_neurons,baseline_edges,remaining_edges,remaining_total_synaptic_weight,largest_weak_component_size,largest_wcc_relative_fraction,network_robustness,remaining_edge_fraction,remaining_weight_fraction,num_weak_components
baseline,0.0,0,42,1000,1000,113089,113089,937685.0,1000,1.0,1.0,1.0,1.0,1
random,0.01,10,42,1000,990,113089,111133,920348.0,990,0.99,0.9827,0.9827,0.9815,1
random,0.01,10,123,1000,990,113089,110622,916576.0,990,0.99,0.9782,0.9782,0.9775,1
random,0.01,10,456,1000,990,113089,111384,916316.0,990,0.99,0.9849,0.9849,0.9772,1
random,0.01,10,789,1000,990,113089,110771,916761.0,990,0.99,0.9795,0.9795,0.9777,1
random,0.01,10,1000,1000,990,113089,111105,918344.0,990,0.99,0.9825,0.9825,0.9794,1
random,0.05,50,42,1000,950,113089,101544,838815.0,950,0.95,0.8979,0.8979,0.8946,1
random,0.05,50,123,1000,950,113089,100243,831608.0,950,0.95,0.8864,0.8864,0.8869,1
random,0.05,50,456,1000,950,113089,101375,847748.0,950,0.95,0.8964,0.8964,0.9041,1
random,0.05,50,789,1000,950,113089,102421,840256.0,950,0.95,0.9057,0.9057,0.8961,1
random,0.05,50,1000,1000,950,113089,101898,852695.0,950,0.95,0.901,0.901,0.9094,1
random,0.1,100,42,1000,900,113089,90980,746754.0,900,0.9,0.8045,0.8045,0.7964,1
random,0.1,100,123,1000,900,113089,91591,773282.0,900,0.9,0.8099,0.8099,0.8247,1
random,0.1,100,456,1000,900,113089,90163,753209.0,900,0.9,0.7973,0.7973,0.8033,1
random,0.1,100,789,1000,900,113089,91923,760880.0,900,0.9,0.8128,0.8128,0.8114,1
random,0.1,100,1000,1000,900,113089,92519,766244.0,900,0.9,0.8181,0.8181,0.8172,1
random,0.2,200,42,1000,800,113089,72895,603859.0,800,0.8,0.6446,0.6446,0.644,1
random,0.2,200,123,1000,800,113089,72561,614977.0,800,0.8,0.6416,0.6416,0.6558,1
random,0.2,200,456,1000,800,113089,73680,593740.0,800,0.8,0.6515,0.6515,0.6332,1
random,0.2,200,789,1000,800,113089,73886,639514.0,800,0.8,0.6533,0.6533,0.682,1
random,0.2,200,1000,1000,800,113089,72572,581458.0,800,0.8,0.6417,0.6417,0.6201,1
hub,0.01,10,NA,1000,990,113089,105809,880934.0,990,0.99,0.9356,0.9356,0.9395,1
hub,0.05,50,NA,1000,950,113089,86381,717488.0,950,0.95,0.7638,0.7638,0.7652,1
hub,0.1,100,NA,1000,900,113089,69570,564512.0,900,0.9,0.6152,0.6152,0.602,1
hub,0.2,200,NA,1000,800,113089,47301,381489.0,800,0.8,0.4183,0.4183,0.4068,1
