experiment,alpha,stimulus_fraction,lesion_fraction,lesion_strategy,random_seed,dt,network_selection,network_seed,initial_neurons,surviving_neurons,initial_edges,surviving_edges,edge_retention,initial_total_synaptic_weight,surviving_total_synaptic_weight,synaptic_weight_retention,surviving_stimulated_neurons,is_stable,v_max_observed,total_spikes,mean_firing_rate_hz,active_neuron_fraction,stim_window_rate_hz,post_stim_rate_hz,recruited_unstimulated_count,recruited_unstimulated_fraction,persistence_ratio,activity_robustness,spike_count_robustness,runtime_seconds
timestep_sensitivity,0.02,0.25,0.0,intact,NA,0.25,highest_degree,42,1000,1000,113089,113089,1.0,937685.0,937685.0,1.0,250,True,-6.19,2953,2.95,0.348,7.3825,0.0,98,0.1307,0.0,1.0,1.0,1.774
timestep_sensitivity,0.02,0.25,0.1,hub,NA,0.25,highest_degree,42,1000,900,113089,69570,0.6152,937685.0,564512.0,0.602,229,True,-30.34,2147,2.39,0.2689,5.9639,0.0,13,0.0194,0.0,0.8102,0.7271,1.8923
timestep_sensitivity,0.02,0.25,0.2,hub,NA,0.25,highest_degree,42,1000,800,113089,47301,0.4183,937685.0,381489.0,0.4068,205,True,-29.53,1863,2.33,0.2587,5.8219,0.0,2,0.0034,0.0,0.7898,0.6309,1.7587
timestep_sensitivity,0.02,0.25,0.2,random,42,0.25,highest_degree,42,1000,800,113089,72895,0.6446,937685.0,603859.0,0.644,203,True,-6.18,2099,2.62,0.3125,6.5594,0.0,47,0.0787,0.0,0.8881,0.7108,1.7711
timestep_sensitivity,0.02,0.25,0.0,intact,NA,0.5,highest_degree,42,1000,1000,113089,113089,1.0,937685.0,937685.0,1.0,250,True,-19.15,4407,4.41,0.396,10.9575,0.06,146,0.1947,0.0606,1.0,1.0,1.0758
timestep_sensitivity,0.02,0.25,0.1,hub,NA,0.5,highest_degree,42,1000,900,113089,69570,0.6152,937685.0,564512.0,0.602,229,True,-36.29,2128,2.36,0.2678,5.9111,0.0,12,0.0179,0.0,0.5351,0.4829,0.8653
timestep_sensitivity,0.02,0.25,0.2,hub,NA,0.5,highest_degree,42,1000,800,113089,47301,0.4183,937685.0,381489.0,0.4068,205,True,-29.65,1855,2.32,0.2587,5.7969,0.0,2,0.0034,0.0,0.5261,0.4209,0.8932
timestep_sensitivity,0.02,0.25,0.2,random,42,0.5,highest_degree,42,1000,800,113089,72895,0.6446,937685.0,603859.0,0.644,203,True,-15.27,2399,3.0,0.3225,7.4844,0.0125,55,0.0921,0.0155,0.6803,0.5444,1.1288
timestep_sensitivity,0.02,0.25,0.0,intact,NA,1.0,highest_degree,42,1000,1000,113089,113089,1.0,937685.0,937685.0,1.0,250,True,-1.37,5271,5.27,0.387,13.055,0.1225,137,0.1827,0.1266,1.0,1.0,0.6174
timestep_sensitivity,0.02,0.25,0.1,hub,NA,1.0,highest_degree,42,1000,900,113089,69570,0.6152,937685.0,564512.0,0.602,229,True,-30.37,2392,2.66,0.2633,6.6417,0.0028,8,0.0119,0.0042,0.5047,0.4538,0.6439
timestep_sensitivity,0.02,0.25,0.2,hub,NA,1.0,highest_degree,42,1000,800,113089,47301,0.4183,937685.0,381489.0,0.4068,205,True,-30.57,2078,2.6,0.2587,6.4906,0.0031,2,0.0034,0.005,0.4934,0.3942,0.541
timestep_sensitivity,0.02,0.25,0.2,random,42,1.0,highest_degree,42,1000,800,113089,72895,0.6446,937685.0,603859.0,0.644,203,True,-20.76,3032,3.79,0.3287,9.4719,0.0031,60,0.1005,0.004,0.7192,0.5752,0.5459
timestep_sensitivity,0.03,0.25,0.0,intact,NA,0.25,highest_degree,42,1000,1000,113089,113089,1.0,937685.0,937685.0,1.0,250,True,27.48,8816,8.82,0.782,22.04,0.0,532,0.7093,0.0,1.0,1.0,2.1934
timestep_sensitivity,0.03,0.25,0.1,hub,NA,0.25,highest_degree,42,1000,900,113089,69570,0.6152,937685.0,564512.0,0.602,229,True,-18.81,2785,3.09,0.36,7.7361,0.0,95,0.1416,0.0,0.3503,0.3159,2.0259
timestep_sensitivity,0.03,0.25,0.2,hub,NA,0.25,highest_degree,42,1000,800,113089,47301,0.4183,937685.0,381489.0,0.4068,205,True,-19.27,2122,2.65,0.3063,6.6312,0.0,40,0.0672,0.0,0.3005,0.2407,1.9925
timestep_sensitivity,0.03,0.25,0.2,random,42,0.25,highest_degree,42,1000,800,113089,72895,0.6446,937685.0,603859.0,0.644,203,True,13.34,3206,4.01,0.435,10.0188,0.0,145,0.2429,0.0,0.4546,0.3637,2.0376
timestep_sensitivity,0.03,0.25,0.0,intact,NA,0.5,highest_degree,42,1000,1000,113089,113089,1.0,937685.0,937685.0,1.0,250,True,9.8,19477,19.48,0.903,47.135,1.5575,653,0.8707,0.5559,1.0,1.0,1.3415
timestep_sensitivity,0.03,0.25,0.1,hub,NA,0.5,highest_degree,42,1000,900,113089,69570,0.6152,937685.0,564512.0,0.602,229,True,-19.97,3392,3.77,0.3567,9.4222,0.0,92,0.1371,0.0,0.1935,0.1742,1.1021
timestep_sensitivity,0.03,0.25,0.2,hub,NA,0.5,highest_degree,42,1000,800,113089,47301,0.4183,937685.0,381489.0,0.4068,205,True,-20.38,2393,2.99,0.3088,7.4281,0.05,42,0.0706,0.0648,0.1535,0.1229,1.1078
timestep_sensitivity,0.03,0.25,0.2,random,42,0.5,highest_degree,42,1000,800,113089,72895,0.6446,937685.0,603859.0,0.644,203,True,8.45,6274,7.84,0.6,19.6062,0.0,277,0.464,0.0,0.4025,0.3221,1.2358
timestep_sensitivity,0.03,0.25,0.0,intact,NA,1.0,highest_degree,42,1000,1000,113089,113089,1.0,937685.0,937685.0,1.0,250,True,18.47,21777,21.78,0.877,53.155,1.2875,627,0.836,0.4162,1.0,1.0,0.9626
timestep_sensitivity,0.03,0.25,0.1,hub,NA,1.0,highest_degree,42,1000,900,113089,69570,0.6152,937685.0,564512.0,0.602,229,True,-19.03,3523,3.91,0.3567,9.7472,0.0389,92,0.1371,0.0437,0.1795,0.1618,0.5625
timestep_sensitivity,0.03,0.25,0.2,hub,NA,1.0,highest_degree,42,1000,800,113089,47301,0.4183,937685.0,381489.0,0.4068,205,True,-20.52,2494,3.12,0.3113,7.7938,0.0,44,0.0739,0.0,0.1433,0.1145,0.6861
timestep_sensitivity,0.03,0.25,0.2,random,42,1.0,highest_degree,42,1000,800,113089,72895,0.6446,937685.0,603859.0,0.644,203,True,9.77,7441,9.3,0.5463,22.8062,0.4469,234,0.392,0.27,0.427,0.3417,0.6355
