experiment,alpha,stimulus_fraction,lesion_fraction,lesion_strategy,random_seed,dt,network_selection,network_seed,initial_neurons,surviving_neurons,initial_edges,surviving_edges,edge_retention,initial_total_synaptic_weight,surviving_total_synaptic_weight,synaptic_weight_retention,surviving_stimulated_neurons,is_stable,v_max_observed,total_spikes,mean_firing_rate_hz,active_neuron_fraction,stim_window_rate_hz,post_stim_rate_hz,recruited_unstimulated_count,recruited_unstimulated_fraction,persistence_ratio,activity_robustness,spike_count_robustness,regime,runtime_seconds
alpha_sensitivity,0.015,0.25,0.0,intact,NA,0.5,highest_degree,42,1000,1000,113089,113089,1.0,937685.0,937685.0,1.0,250,True,-18.41,2683,2.68,0.278,6.7075,0.0,28,0.0373,0.0,1.0,1.0,Recurrent Recruitment,2.0958
alpha_sensitivity,0.0175,0.25,0.0,intact,NA,0.5,highest_degree,42,1000,1000,113089,113089,1.0,937685.0,937685.0,1.0,250,True,-24.89,3498,3.5,0.326,8.7225,0.0225,76,0.1013,0.0276,1.0,1.0,Sustained Recurrent Activity,2.4157
alpha_sensitivity,0.02,0.25,0.0,intact,NA,0.5,highest_degree,42,1000,1000,113089,113089,1.0,937685.0,937685.0,1.0,250,True,-19.15,4407,4.41,0.396,10.9575,0.06,146,0.1947,0.0606,1.0,1.0,Sustained Recurrent Activity,2.0464
alpha_sensitivity,0.0225,0.25,0.0,intact,NA,0.5,highest_degree,42,1000,1000,113089,113089,1.0,937685.0,937685.0,1.0,250,True,-5.93,7258,7.26,0.544,18.0625,0.0825,294,0.392,0.0607,1.0,1.0,Sustained Recurrent Activity,2.053
alpha_sensitivity,0.025,0.25,0.0,intact,NA,0.5,highest_degree,42,1000,1000,113089,113089,1.0,937685.0,937685.0,1.0,250,True,-7.68,9721,9.72,0.67,24.22,0.0825,420,0.56,0.0493,1.0,1.0,Sustained Recurrent Activity,2.1398
stimulus_sensitivity,0.02,0.05,0.0,intact,NA,0.5,highest_degree,42,1000,1000,113089,113089,1.0,937685.0,937685.0,1.0,50,True,-44.84,455,0.46,0.051,1.1375,0.0,1,0.0011,0.0,1.0,1.0,,1.5647
stimulus_sensitivity,0.02,0.05,0.1,hub,NA,0.5,highest_degree,42,1000,900,113089,69570,0.6152,937685.0,564512.0,0.602,46,True,-44.62,414,0.46,0.0511,1.15,0.0,0,0.0,0.0,1.0,0.9099,,1.676
stimulus_sensitivity,0.02,0.05,0.2,hub,NA,0.5,highest_degree,42,1000,800,113089,47301,0.4183,937685.0,381489.0,0.4068,36,True,-46.37,324,0.41,0.045,1.0125,0.0,0,0.0,0.0,0.8913,0.7121,,1.6056
stimulus_sensitivity,0.02,0.05,0.1,random,42,0.5,highest_degree,42,1000,900,113089,90980,0.8045,937685.0,746754.0,0.7964,47,True,-43.82,427,0.47,0.0533,1.1861,0.0,1,0.0012,0.0,1.0217,0.9385,,1.7168
stimulus_sensitivity,0.02,0.05,0.1,random,123,0.5,highest_degree,42,1000,900,113089,91591,0.8099,937685.0,773282.0,0.8247,44,True,-45.03,396,0.44,0.0489,1.1,0.0,0,0.0,0.0,0.9565,0.8703,,1.7128
stimulus_sensitivity,0.02,0.05,0.1,random,456,0.5,highest_degree,42,1000,900,113089,90163,0.7973,937685.0,753209.0,0.8033,43,True,-44.69,391,0.43,0.0489,1.0861,0.0,1,0.0012,0.0,0.9348,0.8593,,1.6817
stimulus_sensitivity,0.02,0.05,0.1,random,789,0.5,highest_degree,42,1000,900,113089,91923,0.8128,937685.0,760880.0,0.8114,40,True,-45.59,360,0.4,0.0444,1.0,0.0,0,0.0,0.0,0.8696,0.7912,,1.683
stimulus_sensitivity,0.02,0.05,0.1,random,1000,0.5,highest_degree,42,1000,900,113089,92519,0.8181,937685.0,766244.0,0.8172,45,True,-44.92,409,0.45,0.0511,1.1361,0.0,1,0.0012,0.0,0.9783,0.8989,,1.6741
stimulus_sensitivity,0.02,0.05,0.2,random,42,0.5,highest_degree,42,1000,800,113089,72895,0.6446,937685.0,603859.0,0.644,37,True,-48.28,333,0.42,0.0462,1.0406,0.0,0,0.0,0.0,0.913,0.7319,,1.7908
stimulus_sensitivity,0.02,0.05,0.2,random,123,0.5,highest_degree,42,1000,800,113089,72561,0.6416,937685.0,614977.0,0.6558,40,True,-46.37,360,0.45,0.05,1.125,0.0,0,0.0,0.0,0.9783,0.7912,,1.9316
stimulus_sensitivity,0.02,0.05,0.2,random,456,0.5,highest_degree,42,1000,800,113089,73680,0.6515,937685.0,593740.0,0.6332,40,True,-45.21,360,0.45,0.05,1.125,0.0,0,0.0,0.0,0.9783,0.7912,,1.7285
stimulus_sensitivity,0.02,0.05,0.2,random,789,0.5,highest_degree,42,1000,800,113089,73886,0.6533,937685.0,639514.0,0.682,37,True,-44.52,333,0.42,0.0462,1.0406,0.0,0,0.0,0.0,0.913,0.7319,,1.3124
stimulus_sensitivity,0.02,0.05,0.2,random,1000,0.5,highest_degree,42,1000,800,113089,72572,0.6417,937685.0,581458.0,0.6201,38,True,-44.54,342,0.43,0.0475,1.0688,0.0,0,0.0,0.0,0.9348,0.7516,,1.8541
stimulus_sensitivity,0.02,0.1,0.0,intact,NA,0.5,highest_degree,42,1000,1000,113089,113089,1.0,937685.0,937685.0,1.0,100,True,-27.16,1163,1.16,0.127,2.9,0.0075,27,0.03,0.0236,1.0,1.0,,2.3665
stimulus_sensitivity,0.02,0.1,0.1,hub,NA,0.5,highest_degree,42,1000,900,113089,69570,0.6152,937685.0,564512.0,0.602,90,True,-43.79,819,0.91,0.1011,2.275,0.0,1,0.0012,0.0,0.7845,0.7042,,2.1232
stimulus_sensitivity,0.02,0.1,0.2,hub,NA,0.5,highest_degree,42,1000,800,113089,47301,0.4183,937685.0,381489.0,0.4068,78,True,-44.88,712,0.89,0.0988,2.225,0.0,1,0.0014,0.0,0.7672,0.6122,,2.4748
stimulus_sensitivity,0.02,0.1,0.1,random,42,0.5,highest_degree,42,1000,900,113089,90980,0.8045,937685.0,746754.0,0.7964,0,True,-64.57,0,0.0,0.0,0.0,0.0,0,0.0,,0.0,0.0,,2.1683
stimulus_sensitivity,0.02,0.1,0.1,random,123,0.5,highest_degree,42,1000,900,113089,91591,0.8099,937685.0,773282.0,0.8247,93,True,-27.29,1013,1.13,0.1256,2.8139,0.0,20,0.0248,0.0,0.9741,0.871,,2.1306
stimulus_sensitivity,0.02,0.1,0.1,random,456,0.5,highest_degree,42,1000,900,113089,90163,0.7973,937685.0,753209.0,0.8033,90,True,-44.97,819,0.91,0.1011,2.275,0.0,1,0.0012,0.0,0.7845,0.7042,,1.7635
stimulus_sensitivity,0.02,0.1,0.1,random,789,0.5,highest_degree,42,1000,900,113089,91923,0.8128,937685.0,760880.0,0.8114,96,True,-27.27,1042,1.16,0.1256,2.8944,0.0,17,0.0211,0.0,1.0,0.896,,1.7211
stimulus_sensitivity,0.02,0.1,0.1,random,1000,0.5,highest_degree,42,1000,900,113089,92519,0.8181,937685.0,766244.0,0.8172,88,True,-36.28,810,0.9,0.1011,2.25,0.0,3,0.0037,0.0,0.7759,0.6965,,2.1531
stimulus_sensitivity,0.02,0.1,0.2,random,42,0.5,highest_degree,42,1000,800,113089,72895,0.6446,937685.0,603859.0,0.644,83,True,-27.08,787,0.98,0.1125,2.4594,0.0,7,0.0098,0.0,0.8448,0.6767,,2.0755
stimulus_sensitivity,0.02,0.1,0.2,random,123,0.5,highest_degree,42,1000,800,113089,72561,0.6416,937685.0,614977.0,0.6558,80,True,-38.47,732,0.92,0.1025,2.2875,0.0,2,0.0028,0.0,0.7931,0.6294,,1.9112
stimulus_sensitivity,0.02,0.1,0.2,random,456,0.5,highest_degree,42,1000,800,113089,73680,0.6515,937685.0,593740.0,0.6332,83,True,-43.61,771,0.96,0.1087,2.4094,0.0,4,0.0056,0.0,0.8276,0.6629,,2.0285
stimulus_sensitivity,0.02,0.1,0.2,random,789,0.5,highest_degree,42,1000,800,113089,73886,0.6533,937685.0,639514.0,0.682,78,True,-27.32,847,1.06,0.115,2.6469,0.0,14,0.0194,0.0,0.9138,0.7283,,1.8864
stimulus_sensitivity,0.02,0.1,0.2,random,1000,0.5,highest_degree,42,1000,800,113089,72572,0.6417,937685.0,581458.0,0.6201,83,True,-44.17,760,0.95,0.1062,2.375,0.0,2,0.0028,0.0,0.819,0.6535,,2.0453
stimulus_sensitivity,0.02,0.25,0.0,intact,NA,0.5,highest_degree,42,1000,1000,113089,113089,1.0,937685.0,937685.0,1.0,250,True,-19.15,4407,4.41,0.396,10.9575,0.06,146,0.1947,0.0606,1.0,1.0,,2.2441
stimulus_sensitivity,0.02,0.25,0.1,hub,NA,0.5,highest_degree,42,1000,900,113089,69570,0.6152,937685.0,564512.0,0.602,229,True,-36.29,2128,2.36,0.2678,5.9111,0.0,12,0.0179,0.0,0.5351,0.4829,,1.9518
stimulus_sensitivity,0.02,0.25,0.2,hub,NA,0.5,highest_degree,42,1000,800,113089,47301,0.4183,937685.0,381489.0,0.4068,205,True,-29.65,1855,2.32,0.2587,5.7969,0.0,2,0.0034,0.0,0.5261,0.4209,,1.8464
stimulus_sensitivity,0.02,0.25,0.1,random,42,0.5,highest_degree,42,1000,900,113089,90980,0.8045,937685.0,746754.0,0.7964,225,True,-18.5,3585,3.98,0.3544,9.8361,0.1222,94,0.1393,0.138,0.9025,0.8135,,2.1135
stimulus_sensitivity,0.02,0.25,0.1,random,123,0.5,highest_degree,42,1000,900,113089,91591,0.8099,937685.0,773282.0,0.8247,225,True,-22.4,3952,4.39,0.38,10.9778,0.0,117,0.1733,0.0,0.9955,0.8968,,2.3433
stimulus_sensitivity,0.02,0.25,0.1,random,456,0.5,highest_degree,42,1000,900,113089,90163,0.7973,937685.0,753209.0,0.8033,230,True,-23.11,3939,4.38,0.3622,10.8833,0.0583,96,0.1433,0.0643,0.9932,0.8938,,0.8291
stimulus_sensitivity,0.02,0.25,0.1,random,789,0.5,highest_degree,42,1000,900,113089,91923,0.8128,937685.0,760880.0,0.8114,224,True,-10.01,3345,3.72,0.3511,9.2917,0.0,92,0.1361,0.0,0.8435,0.759,,0.8038
stimulus_sensitivity,0.02,0.25,0.1,random,1000,0.5,highest_degree,42,1000,900,113089,92519,0.8181,937685.0,766244.0,0.8172,231,True,-12.79,3281,3.65,0.3556,9.1056,0.0083,89,0.133,0.0093,0.8277,0.7445,,0.837
stimulus_sensitivity,0.02,0.25,0.2,random,42,0.5,highest_degree,42,1000,800,113089,72895,0.6446,937685.0,603859.0,0.644,203,True,-15.27,2399,3.0,0.3225,7.4844,0.0125,55,0.0921,0.0155,0.6803,0.5444,,0.7401
stimulus_sensitivity,0.02,0.25,0.2,random,123,0.5,highest_degree,42,1000,800,113089,72561,0.6416,937685.0,614977.0,0.6558,197,True,-13.92,2965,3.71,0.335,9.2656,0.0,71,0.1177,0.0,0.8413,0.6728,,0.9068
stimulus_sensitivity,0.02,0.25,0.2,random,456,0.5,highest_degree,42,1000,800,113089,73680,0.6515,937685.0,593740.0,0.6332,203,True,-25.83,2299,2.87,0.295,7.1844,0.0,33,0.0553,0.0,0.6508,0.5217,,1.0365
stimulus_sensitivity,0.02,0.25,0.2,random,789,0.5,highest_degree,42,1000,800,113089,73886,0.6533,937685.0,639514.0,0.682,209,True,-12.15,3538,4.42,0.3663,11.0125,0.0437,84,0.1421,0.0478,1.0023,0.8028,,1.121
stimulus_sensitivity,0.02,0.25,0.2,random,1000,0.5,highest_degree,42,1000,800,113089,72572,0.6417,937685.0,581458.0,0.6201,201,True,-28.55,2288,2.86,0.29,7.1469,0.0031,31,0.0518,0.0045,0.6485,0.5192,,0.9785
stimulus_sensitivity,0.03,0.05,0.0,intact,NA,0.5,highest_degree,42,1000,1000,113089,113089,1.0,937685.0,937685.0,1.0,50,True,-39.98,582,0.58,0.071,1.455,0.0,21,0.0221,0.0,1.0,1.0,,0.9307
stimulus_sensitivity,0.03,0.05,0.1,hub,NA,0.5,highest_degree,42,1000,900,113089,69570,0.6152,937685.0,564512.0,0.602,46,True,-41.56,432,0.48,0.0556,1.2,0.0,4,0.0047,0.0,0.8276,0.7423,,1.0921
stimulus_sensitivity,0.03,0.05,0.2,hub,NA,0.5,highest_degree,42,1000,800,113089,47301,0.4183,937685.0,381489.0,0.4068,36,True,-44.55,329,0.41,0.0462,1.0281,0.0,1,0.0013,0.0,0.7069,0.5653,,0.8739
stimulus_sensitivity,0.03,0.05,0.1,random,42,0.5,highest_degree,42,1000,900,113089,90980,0.8045,937685.0,746754.0,0.7964,47,True,-40.06,482,0.54,0.0633,1.3389,0.0,10,0.0117,0.0,0.931,0.8282,,0.9698
stimulus_sensitivity,0.03,0.05,0.1,random,123,0.5,highest_degree,42,1000,900,113089,91591,0.8099,937685.0,773282.0,0.8247,44,True,-40.64,450,0.5,0.0622,1.25,0.0,12,0.014,0.0,0.8621,0.7732,,1.0247
stimulus_sensitivity,0.03,0.05,0.1,random,456,0.5,highest_degree,42,1000,900,113089,90163,0.7973,937685.0,753209.0,0.8033,43,True,-41.36,479,0.53,0.06,1.3306,0.0,11,0.0128,0.0,0.9138,0.823,,0.8989
stimulus_sensitivity,0.03,0.05,0.1,random,789,0.5,highest_degree,42,1000,900,113089,91923,0.8128,937685.0,760880.0,0.8114,40,True,-43.48,400,0.44,0.0556,1.1111,0.0,10,0.0116,0.0,0.7586,0.6873,,0.9524
stimulus_sensitivity,0.03,0.05,0.1,random,1000,0.5,highest_degree,42,1000,900,113089,92519,0.8181,937685.0,766244.0,0.8172,45,True,-42.98,507,0.56,0.0689,1.4083,0.0,17,0.0199,0.0,0.9655,0.8711,,0.8983
stimulus_sensitivity,0.03,0.05,0.2,random,42,0.5,highest_degree,42,1000,800,113089,72895,0.6446,937685.0,603859.0,0.644,37,True,-47.34,341,0.43,0.0488,1.0656,0.0,2,0.0026,0.0,0.7414,0.5859,,1.0175
stimulus_sensitivity,0.03,0.05,0.2,random,123,0.5,highest_degree,42,1000,800,113089,72561,0.6416,937685.0,614977.0,0.6558,40,True,-44.53,371,0.46,0.0537,1.1594,0.0,3,0.0039,0.0,0.7931,0.6375,,0.903
stimulus_sensitivity,0.03,0.05,0.2,random,456,0.5,highest_degree,42,1000,800,113089,73680,0.6515,937685.0,593740.0,0.6332,40,True,-40.52,423,0.53,0.065,1.3219,0.0,12,0.0158,0.0,0.9138,0.7268,,0.8986
stimulus_sensitivity,0.03,0.05,0.2,random,789,0.5,highest_degree,42,1000,800,113089,73886,0.6533,937685.0,639514.0,0.682,37,True,-42.91,363,0.45,0.0563,1.1344,0.0,8,0.0105,0.0,0.7759,0.6237,,0.837
stimulus_sensitivity,0.03,0.05,0.2,random,1000,0.5,highest_degree,42,1000,800,113089,72572,0.6417,937685.0,581458.0,0.6201,38,True,-44.04,358,0.45,0.0525,1.1187,0.0,4,0.0052,0.0,0.7759,0.6151,,0.9113
stimulus_sensitivity,0.03,0.1,0.0,intact,NA,0.5,highest_degree,42,1000,1000,113089,113089,1.0,937685.0,937685.0,1.0,100,True,11.43,10000,10.0,0.77,24.795,0.205,670,0.7444,0.1065,1.0,1.0,,1.0855
stimulus_sensitivity,0.03,0.1,0.1,hub,NA,0.5,highest_degree,42,1000,900,113089,69570,0.6152,937685.0,564512.0,0.602,90,True,-35.3,849,0.94,0.1078,2.3583,0.0,7,0.0086,0.0,0.094,0.0849,,0.8359
stimulus_sensitivity,0.03,0.1,0.2,hub,NA,0.5,highest_degree,42,1000,800,113089,47301,0.4183,937685.0,381489.0,0.4068,78,True,-35.28,717,0.9,0.1013,2.2406,0.0,3,0.0042,0.0,0.09,0.0717,,0.9361
stimulus_sensitivity,0.03,0.1,0.1,random,42,0.5,highest_degree,42,1000,900,113089,90980,0.8045,937685.0,746754.0,0.7964,0,True,-64.57,0,0.0,0.0,0.0,0.0,0,0.0,,0.0,0.0,,0.8919
stimulus_sensitivity,0.03,0.1,0.1,random,123,0.5,highest_degree,42,1000,900,113089,91591,0.8099,937685.0,773282.0,0.8247,93,True,-1.47,4215,4.68,0.4789,11.7083,0.0,338,0.4188,0.0,0.468,0.4215,,1.1051
stimulus_sensitivity,0.03,0.1,0.1,random,456,0.5,highest_degree,42,1000,900,113089,90163,0.7973,937685.0,753209.0,0.8033,90,True,-11.05,1196,1.33,0.2322,3.3222,0.0,119,0.1469,0.0,0.133,0.1196,,0.9634
stimulus_sensitivity,0.03,0.1,0.1,random,789,0.5,highest_degree,42,1000,900,113089,91923,0.8128,937685.0,760880.0,0.8114,96,True,1.97,4729,5.25,0.5567,13.1278,0.0083,405,0.5037,0.0059,0.525,0.4729,,0.9807
stimulus_sensitivity,0.03,0.1,0.1,random,1000,0.5,highest_degree,42,1000,900,113089,92519,0.8181,937685.0,766244.0,0.8172,88,True,-5.98,1898,2.11,0.4478,5.2722,0.0,315,0.3879,0.0,0.211,0.1898,,1.0724
stimulus_sensitivity,0.03,0.1,0.2,random,42,0.5,highest_degree,42,1000,800,113089,72895,0.6446,937685.0,603859.0,0.644,83,True,-5.84,2065,2.58,0.29,6.45,0.0031,149,0.2078,0.0045,0.258,0.2065,,0.9545
stimulus_sensitivity,0.03,0.1,0.2,random,123,0.5,highest_degree,42,1000,800,113089,72561,0.6416,937685.0,614977.0,0.6558,80,True,-7.98,1891,2.36,0.3375,5.9094,0.0,190,0.2639,0.0,0.236,0.1891,,1.1403
stimulus_sensitivity,0.03,0.1,0.2,random,456,0.5,highest_degree,42,1000,800,113089,73680,0.6515,937685.0,593740.0,0.6332,83,True,-20.42,1840,2.3,0.2512,5.75,0.0,118,0.1646,0.0,0.23,0.184,,1.4823
stimulus_sensitivity,0.03,0.1,0.2,random,789,0.5,highest_degree,42,1000,800,113089,73886,0.6533,937685.0,639514.0,0.682,78,True,-2.35,2694,3.37,0.3775,8.4187,0.0,224,0.3102,0.0,0.337,0.2694,,1.0019
stimulus_sensitivity,0.03,0.1,0.2,random,1000,0.5,highest_degree,42,1000,800,113089,72572,0.6417,937685.0,581458.0,0.6201,83,True,-33.58,916,1.15,0.1313,2.8625,0.0,22,0.0307,0.0,0.115,0.0916,,0.8935
stimulus_sensitivity,0.03,0.25,0.0,intact,NA,0.5,highest_degree,42,1000,1000,113089,113089,1.0,937685.0,937685.0,1.0,250,True,9.8,19477,19.48,0.903,47.135,1.5575,653,0.8707,0.5559,1.0,1.0,,1.3378
stimulus_sensitivity,0.03,0.25,0.1,hub,NA,0.5,highest_degree,42,1000,900,113089,69570,0.6152,937685.0,564512.0,0.602,229,True,-19.97,3392,3.77,0.3567,9.4222,0.0,92,0.1371,0.0,0.1935,0.1742,,1.0838
stimulus_sensitivity,0.03,0.25,0.2,hub,NA,0.5,highest_degree,42,1000,800,113089,47301,0.4183,937685.0,381489.0,0.4068,205,True,-20.38,2393,2.99,0.3088,7.4281,0.05,42,0.0706,0.0648,0.1535,0.1229,,1.1432
stimulus_sensitivity,0.03,0.25,0.1,random,42,0.5,highest_degree,42,1000,900,113089,90980,0.8045,937685.0,746754.0,0.7964,225,True,4.73,9630,10.7,0.7122,26.2417,0.5083,416,0.6163,0.2855,0.5493,0.4944,,1.1002
stimulus_sensitivity,0.03,0.25,0.1,random,123,0.5,highest_degree,42,1000,900,113089,91591,0.8099,937685.0,773282.0,0.8247,225,True,13.22,11932,13.26,0.77,33.1444,0.0,468,0.6933,0.0,0.6807,0.6126,,1.27
stimulus_sensitivity,0.03,0.25,0.1,random,456,0.5,highest_degree,42,1000,900,113089,90163,0.7973,937685.0,753209.0,0.8033,230,True,12.17,11305,12.56,0.7867,31.3278,0.075,478,0.7134,0.0381,0.6448,0.5804,,1.0942
stimulus_sensitivity,0.03,0.25,0.1,random,789,0.5,highest_degree,42,1000,900,113089,91923,0.8128,937685.0,760880.0,0.8114,224,True,8.54,12107,13.45,0.8178,33.6306,0.0,512,0.7574,0.0,0.6905,0.6216,,1.3138
stimulus_sensitivity,0.03,0.25,0.1,random,1000,0.5,highest_degree,42,1000,900,113089,92519,0.8181,937685.0,766244.0,0.8172,231,True,13.34,12876,14.31,0.83,35.5778,0.1889,516,0.7713,0.0911,0.7346,0.6611,,1.118
stimulus_sensitivity,0.03,0.25,0.2,random,42,0.5,highest_degree,42,1000,800,113089,72895,0.6446,937685.0,603859.0,0.644,203,True,8.45,6274,7.84,0.6,19.6062,0.0,277,0.464,0.0,0.4025,0.3221,,1.1241
stimulus_sensitivity,0.03,0.25,0.2,random,123,0.5,highest_degree,42,1000,800,113089,72561,0.6416,937685.0,614977.0,0.6558,197,True,81.62,7335,9.17,0.6863,22.7437,0.1781,352,0.5837,0.1037,0.4707,0.3766,,1.0586
stimulus_sensitivity,0.03,0.25,0.2,random,456,0.5,highest_degree,42,1000,800,113089,73680,0.6515,937685.0,593740.0,0.6332,203,True,-12.72,6111,7.64,0.645,19.0938,0.0031,313,0.5243,0.002,0.3922,0.3138,,1.0424
stimulus_sensitivity,0.03,0.25,0.2,random,789,0.5,highest_degree,42,1000,800,113089,73886,0.6533,937685.0,639514.0,0.682,209,True,14.78,7869,9.84,0.6913,24.3188,0.2719,344,0.5821,0.1555,0.5051,0.404,,1.0549
stimulus_sensitivity,0.03,0.25,0.2,random,1000,0.5,highest_degree,42,1000,800,113089,72572,0.6417,937685.0,581458.0,0.6201,201,True,-3.73,3810,4.76,0.4412,11.9062,0.0,152,0.2538,0.0,0.2444,0.1956,,0.9813
lesion_sensitivity,0.02,0.25,0.0,intact,NA,0.5,highest_degree,42,1000,1000,113089,113089,1.0,937685.0,937685.0,1.0,250,True,-19.15,4407,4.41,0.396,10.9575,0.06,146,0.1947,0.0606,1.0,1.0,,1.0033
lesion_sensitivity,0.02,0.25,0.05,hub,NA,0.5,highest_degree,42,1000,950,113089,86381,0.7638,937685.0,717488.0,0.7652,243,True,-6.37,3359,3.54,0.3295,8.8263,0.0132,70,0.099,0.0161,0.8027,0.7622,,1.0397
lesion_sensitivity,0.02,0.25,0.1,hub,NA,0.5,highest_degree,42,1000,900,113089,69570,0.6152,937685.0,564512.0,0.602,229,True,-36.29,2128,2.36,0.2678,5.9111,0.0,12,0.0179,0.0,0.5351,0.4829,,0.9103
lesion_sensitivity,0.02,0.25,0.2,hub,NA,0.5,highest_degree,42,1000,800,113089,47301,0.4183,937685.0,381489.0,0.4068,205,True,-29.65,1855,2.32,0.2587,5.7969,0.0,2,0.0034,0.0,0.5261,0.4209,,1.0176
lesion_sensitivity,0.02,0.25,0.05,random,42,0.5,highest_degree,42,1000,950,113089,101544,0.8979,937685.0,838815.0,0.8946,230,True,-14.99,3914,4.12,0.3642,10.3,0.0,116,0.1611,0.0,0.9342,0.8881,,1.1364
lesion_sensitivity,0.02,0.25,0.05,random,123,0.5,highest_degree,42,1000,950,113089,100243,0.8864,937685.0,831608.0,0.8869,236,True,-6.72,3929,4.14,0.36,10.2316,0.1079,106,0.1485,0.12,0.9388,0.8915,,1.0366
lesion_sensitivity,0.02,0.25,0.05,random,456,0.5,highest_degree,42,1000,950,113089,101375,0.8964,937685.0,847748.0,0.9041,236,True,-12.58,4272,4.5,0.3884,11.2421,0.0,133,0.1863,0.0,1.0204,0.9694,,1.1295
lesion_sensitivity,0.02,0.25,0.05,random,789,0.5,highest_degree,42,1000,950,113089,102421,0.9057,937685.0,840256.0,0.8961,238,True,-21.98,4488,4.72,0.3737,11.7421,0.0684,117,0.1643,0.0733,1.0703,1.0184,,1.0687
lesion_sensitivity,0.02,0.25,0.05,random,1000,0.5,highest_degree,42,1000,950,113089,101898,0.901,937685.0,852695.0,0.9094,241,True,-20.34,4775,5.03,0.4221,12.5658,0.0,160,0.2257,0.0,1.1406,1.0835,,1.0218
lesion_sensitivity,0.02,0.25,0.1,random,42,0.5,highest_degree,42,1000,900,113089,90980,0.8045,937685.0,746754.0,0.7964,225,True,-18.5,3585,3.98,0.3544,9.8361,0.1222,94,0.1393,0.138,0.9025,0.8135,,1.0805
lesion_sensitivity,0.02,0.25,0.1,random,123,0.5,highest_degree,42,1000,900,113089,91591,0.8099,937685.0,773282.0,0.8247,225,True,-22.4,3952,4.39,0.38,10.9778,0.0,117,0.1733,0.0,0.9955,0.8968,,1.2694
lesion_sensitivity,0.02,0.25,0.1,random,456,0.5,highest_degree,42,1000,900,113089,90163,0.7973,937685.0,753209.0,0.8033,230,True,-23.11,3939,4.38,0.3622,10.8833,0.0583,96,0.1433,0.0643,0.9932,0.8938,,1.011
lesion_sensitivity,0.02,0.25,0.1,random,789,0.5,highest_degree,42,1000,900,113089,91923,0.8128,937685.0,760880.0,0.8114,224,True,-10.01,3345,3.72,0.3511,9.2917,0.0,92,0.1361,0.0,0.8435,0.759,,1.1154
lesion_sensitivity,0.02,0.25,0.1,random,1000,0.5,highest_degree,42,1000,900,113089,92519,0.8181,937685.0,766244.0,0.8172,231,True,-12.79,3281,3.65,0.3556,9.1056,0.0083,89,0.133,0.0093,0.8277,0.7445,,1.0613
lesion_sensitivity,0.02,0.25,0.2,random,42,0.5,highest_degree,42,1000,800,113089,72895,0.6446,937685.0,603859.0,0.644,203,True,-15.27,2399,3.0,0.3225,7.4844,0.0125,55,0.0921,0.0155,0.6803,0.5444,,0.9427
lesion_sensitivity,0.02,0.25,0.2,random,123,0.5,highest_degree,42,1000,800,113089,72561,0.6416,937685.0,614977.0,0.6558,197,True,-13.92,2965,3.71,0.335,9.2656,0.0,71,0.1177,0.0,0.8413,0.6728,,1.0049
lesion_sensitivity,0.02,0.25,0.2,random,456,0.5,highest_degree,42,1000,800,113089,73680,0.6515,937685.0,593740.0,0.6332,203,True,-25.83,2299,2.87,0.295,7.1844,0.0,33,0.0553,0.0,0.6508,0.5217,,1.2058
lesion_sensitivity,0.02,0.25,0.2,random,789,0.5,highest_degree,42,1000,800,113089,73886,0.6533,937685.0,639514.0,0.682,209,True,-12.15,3538,4.42,0.3663,11.0125,0.0437,84,0.1421,0.0478,1.0023,0.8028,,1.0534
lesion_sensitivity,0.02,0.25,0.2,random,1000,0.5,highest_degree,42,1000,800,113089,72572,0.6417,937685.0,581458.0,0.6201,201,True,-28.55,2288,2.86,0.29,7.1469,0.0031,31,0.0518,0.0045,0.6485,0.5192,,1.0417
lesion_sensitivity,0.03,0.25,0.0,intact,NA,0.5,highest_degree,42,1000,1000,113089,113089,1.0,937685.0,937685.0,1.0,250,True,9.8,19477,19.48,0.903,47.135,1.5575,653,0.8707,0.5559,1.0,1.0,,1.3653
lesion_sensitivity,0.03,0.25,0.05,hub,NA,0.5,highest_degree,42,1000,950,113089,86381,0.7638,937685.0,717488.0,0.7652,243,True,15.49,6931,7.3,0.5653,18.2395,0.0,294,0.4158,0.0,0.3747,0.3559,,1.1214
lesion_sensitivity,0.03,0.25,0.1,hub,NA,0.5,highest_degree,42,1000,900,113089,69570,0.6152,937685.0,564512.0,0.602,229,True,-19.97,3392,3.77,0.3567,9.4222,0.0,92,0.1371,0.0,0.1935,0.1742,,1.2054
lesion_sensitivity,0.03,0.25,0.2,hub,NA,0.5,highest_degree,42,1000,800,113089,47301,0.4183,937685.0,381489.0,0.4068,205,True,-20.38,2393,2.99,0.3088,7.4281,0.05,42,0.0706,0.0648,0.1535,0.1229,,1.0799
lesion_sensitivity,0.03,0.25,0.05,random,42,0.5,highest_degree,42,1000,950,113089,101544,0.8979,937685.0,838815.0,0.8946,230,True,12.65,13200,13.89,0.8084,33.7447,0.9921,538,0.7472,0.474,0.713,0.6777,,1.2367
lesion_sensitivity,0.03,0.25,0.05,random,123,0.5,highest_degree,42,1000,950,113089,100243,0.8864,937685.0,831608.0,0.8869,236,True,14.93,14840,15.62,0.8495,39.0526,0.0,571,0.7997,0.0,0.8018,0.7619,,1.2449
lesion_sensitivity,0.03,0.25,0.05,random,456,0.5,highest_degree,42,1000,950,113089,101375,0.8964,937685.0,847748.0,0.9041,236,True,13.63,14244,14.99,0.8337,37.4,0.0842,556,0.7787,0.0404,0.7695,0.7313,,1.2713
lesion_sensitivity,0.03,0.25,0.05,random,789,0.5,highest_degree,42,1000,950,113089,102421,0.9057,937685.0,840256.0,0.8961,238,True,12.3,14565,15.33,0.8526,38.3289,0.0,572,0.8034,0.0,0.787,0.7478,,1.4265
lesion_sensitivity,0.03,0.25,0.05,random,1000,0.5,highest_degree,42,1000,950,113089,101898,0.901,937685.0,852695.0,0.9094,241,True,17.72,16728,17.61,0.8621,42.4605,1.5605,578,0.8152,0.4994,0.904,0.8589,,1.1827
lesion_sensitivity,0.03,0.25,0.1,random,42,0.5,highest_degree,42,1000,900,113089,90980,0.8045,937685.0,746754.0,0.7964,225,True,4.73,9630,10.7,0.7122,26.2417,0.5083,416,0.6163,0.2855,0.5493,0.4944,,1.0854
lesion_sensitivity,0.03,0.25,0.1,random,123,0.5,highest_degree,42,1000,900,113089,91591,0.8099,937685.0,773282.0,0.8247,225,True,13.22,11932,13.26,0.77,33.1444,0.0,468,0.6933,0.0,0.6807,0.6126,,1.284
lesion_sensitivity,0.03,0.25,0.1,random,456,0.5,highest_degree,42,1000,900,113089,90163,0.7973,937685.0,753209.0,0.8033,230,True,12.17,11305,12.56,0.7867,31.3278,0.075,478,0.7134,0.0381,0.6448,0.5804,,1.0955
lesion_sensitivity,0.03,0.25,0.1,random,789,0.5,highest_degree,42,1000,900,113089,91923,0.8128,937685.0,760880.0,0.8114,224,True,8.54,12107,13.45,0.8178,33.6306,0.0,512,0.7574,0.0,0.6905,0.6216,,1.1896
lesion_sensitivity,0.03,0.25,0.1,random,1000,0.5,highest_degree,42,1000,900,113089,92519,0.8181,937685.0,766244.0,0.8172,231,True,13.34,12876,14.31,0.83,35.5778,0.1889,516,0.7713,0.0911,0.7346,0.6611,,1.1501
lesion_sensitivity,0.03,0.25,0.2,random,42,0.5,highest_degree,42,1000,800,113089,72895,0.6446,937685.0,603859.0,0.644,203,True,8.45,6274,7.84,0.6,19.6062,0.0,277,0.464,0.0,0.4025,0.3221,,1.0113
lesion_sensitivity,0.03,0.25,0.2,random,123,0.5,highest_degree,42,1000,800,113089,72561,0.6416,937685.0,614977.0,0.6558,197,True,81.62,7335,9.17,0.6863,22.7437,0.1781,352,0.5837,0.1037,0.4707,0.3766,,1.034
lesion_sensitivity,0.03,0.25,0.2,random,456,0.5,highest_degree,42,1000,800,113089,73680,0.6515,937685.0,593740.0,0.6332,203,True,-12.72,6111,7.64,0.645,19.0938,0.0031,313,0.5243,0.002,0.3922,0.3138,,1.1835
lesion_sensitivity,0.03,0.25,0.2,random,789,0.5,highest_degree,42,1000,800,113089,73886,0.6533,937685.0,639514.0,0.682,209,True,14.78,7869,9.84,0.6913,24.3188,0.2719,344,0.5821,0.1555,0.5051,0.404,,1.0476
lesion_sensitivity,0.03,0.25,0.2,random,1000,0.5,highest_degree,42,1000,800,113089,72572,0.6417,937685.0,581458.0,0.6201,201,True,-3.73,3810,4.76,0.4412,11.9062,0.0,152,0.2538,0.0,0.2444,0.1956,,1.2943
timestep_sensitivity,0.02,0.25,0.0,intact,NA,0.25,highest_degree,42,1000,1000,113089,113089,1.0,937685.0,937685.0,1.0,250,True,-6.19,2953,2.95,0.348,7.3825,0.0,98,0.1307,0.0,1.0,1.0,,1.774
timestep_sensitivity,0.02,0.25,0.1,hub,NA,0.25,highest_degree,42,1000,900,113089,69570,0.6152,937685.0,564512.0,0.602,229,True,-30.34,2147,2.39,0.2689,5.9639,0.0,13,0.0194,0.0,0.8102,0.7271,,1.8923
timestep_sensitivity,0.02,0.25,0.2,hub,NA,0.25,highest_degree,42,1000,800,113089,47301,0.4183,937685.0,381489.0,0.4068,205,True,-29.53,1863,2.33,0.2587,5.8219,0.0,2,0.0034,0.0,0.7898,0.6309,,1.7587
timestep_sensitivity,0.02,0.25,0.2,random,42,0.25,highest_degree,42,1000,800,113089,72895,0.6446,937685.0,603859.0,0.644,203,True,-6.18,2099,2.62,0.3125,6.5594,0.0,47,0.0787,0.0,0.8881,0.7108,,1.7711
timestep_sensitivity,0.02,0.25,0.0,intact,NA,0.5,highest_degree,42,1000,1000,113089,113089,1.0,937685.0,937685.0,1.0,250,True,-19.15,4407,4.41,0.396,10.9575,0.06,146,0.1947,0.0606,1.0,1.0,,1.0758
timestep_sensitivity,0.02,0.25,0.1,hub,NA,0.5,highest_degree,42,1000,900,113089,69570,0.6152,937685.0,564512.0,0.602,229,True,-36.29,2128,2.36,0.2678,5.9111,0.0,12,0.0179,0.0,0.5351,0.4829,,0.8653
timestep_sensitivity,0.02,0.25,0.2,hub,NA,0.5,highest_degree,42,1000,800,113089,47301,0.4183,937685.0,381489.0,0.4068,205,True,-29.65,1855,2.32,0.2587,5.7969,0.0,2,0.0034,0.0,0.5261,0.4209,,0.8932
timestep_sensitivity,0.02,0.25,0.2,random,42,0.5,highest_degree,42,1000,800,113089,72895,0.6446,937685.0,603859.0,0.644,203,True,-15.27,2399,3.0,0.3225,7.4844,0.0125,55,0.0921,0.0155,0.6803,0.5444,,1.1288
timestep_sensitivity,0.02,0.25,0.0,intact,NA,1.0,highest_degree,42,1000,1000,113089,113089,1.0,937685.0,937685.0,1.0,250,True,-1.37,5271,5.27,0.387,13.055,0.1225,137,0.1827,0.1266,1.0,1.0,,0.6174
timestep_sensitivity,0.02,0.25,0.1,hub,NA,1.0,highest_degree,42,1000,900,113089,69570,0.6152,937685.0,564512.0,0.602,229,True,-30.37,2392,2.66,0.2633,6.6417,0.0028,8,0.0119,0.0042,0.5047,0.4538,,0.6439
timestep_sensitivity,0.02,0.25,0.2,hub,NA,1.0,highest_degree,42,1000,800,113089,47301,0.4183,937685.0,381489.0,0.4068,205,True,-30.57,2078,2.6,0.2587,6.4906,0.0031,2,0.0034,0.005,0.4934,0.3942,,0.541
timestep_sensitivity,0.02,0.25,0.2,random,42,1.0,highest_degree,42,1000,800,113089,72895,0.6446,937685.0,603859.0,0.644,203,True,-20.76,3032,3.79,0.3287,9.4719,0.0031,60,0.1005,0.004,0.7192,0.5752,,0.5459
timestep_sensitivity,0.03,0.25,0.0,intact,NA,0.25,highest_degree,42,1000,1000,113089,113089,1.0,937685.0,937685.0,1.0,250,True,27.48,8816,8.82,0.782,22.04,0.0,532,0.7093,0.0,1.0,1.0,,2.1934
timestep_sensitivity,0.03,0.25,0.1,hub,NA,0.25,highest_degree,42,1000,900,113089,69570,0.6152,937685.0,564512.0,0.602,229,True,-18.81,2785,3.09,0.36,7.7361,0.0,95,0.1416,0.0,0.3503,0.3159,,2.0259
timestep_sensitivity,0.03,0.25,0.2,hub,NA,0.25,highest_degree,42,1000,800,113089,47301,0.4183,937685.0,381489.0,0.4068,205,True,-19.27,2122,2.65,0.3063,6.6312,0.0,40,0.0672,0.0,0.3005,0.2407,,1.9925
timestep_sensitivity,0.03,0.25,0.2,random,42,0.25,highest_degree,42,1000,800,113089,72895,0.6446,937685.0,603859.0,0.644,203,True,13.34,3206,4.01,0.435,10.0188,0.0,145,0.2429,0.0,0.4546,0.3637,,2.0376
timestep_sensitivity,0.03,0.25,0.0,intact,NA,0.5,highest_degree,42,1000,1000,113089,113089,1.0,937685.0,937685.0,1.0,250,True,9.8,19477,19.48,0.903,47.135,1.5575,653,0.8707,0.5559,1.0,1.0,,1.3415
timestep_sensitivity,0.03,0.25,0.1,hub,NA,0.5,highest_degree,42,1000,900,113089,69570,0.6152,937685.0,564512.0,0.602,229,True,-19.97,3392,3.77,0.3567,9.4222,0.0,92,0.1371,0.0,0.1935,0.1742,,1.1021
timestep_sensitivity,0.03,0.25,0.2,hub,NA,0.5,highest_degree,42,1000,800,113089,47301,0.4183,937685.0,381489.0,0.4068,205,True,-20.38,2393,2.99,0.3088,7.4281,0.05,42,0.0706,0.0648,0.1535,0.1229,,1.1078
timestep_sensitivity,0.03,0.25,0.2,random,42,0.5,highest_degree,42,1000,800,113089,72895,0.6446,937685.0,603859.0,0.644,203,True,8.45,6274,7.84,0.6,19.6062,0.0,277,0.464,0.0,0.4025,0.3221,,1.2358
timestep_sensitivity,0.03,0.25,0.0,intact,NA,1.0,highest_degree,42,1000,1000,113089,113089,1.0,937685.0,937685.0,1.0,250,True,18.47,21777,21.78,0.877,53.155,1.2875,627,0.836,0.4162,1.0,1.0,,0.9626
timestep_sensitivity,0.03,0.25,0.1,hub,NA,1.0,highest_degree,42,1000,900,113089,69570,0.6152,937685.0,564512.0,0.602,229,True,-19.03,3523,3.91,0.3567,9.7472,0.0389,92,0.1371,0.0437,0.1795,0.1618,,0.5625
timestep_sensitivity,0.03,0.25,0.2,hub,NA,1.0,highest_degree,42,1000,800,113089,47301,0.4183,937685.0,381489.0,0.4068,205,True,-20.52,2494,3.12,0.3113,7.7938,0.0,44,0.0739,0.0,0.1433,0.1145,,0.6861
timestep_sensitivity,0.03,0.25,0.2,random,42,1.0,highest_degree,42,1000,800,113089,72895,0.6446,937685.0,603859.0,0.644,203,True,9.77,7441,9.3,0.5463,22.8062,0.4469,234,0.392,0.27,0.427,0.3417,,0.6355
subnetwork_sensitivity,0.02,0.25,0.0,intact,NA,0.5,highest_degree,42,1000,1000,113089,113089,1.0,937685.0,937685.0,1.0,250,True,-19.15,4407,4.41,0.396,10.9575,0.06,146,0.1947,0.0606,1.0,1.0,,1.2709
subnetwork_sensitivity,0.02,0.25,0.2,hub,NA,0.5,highest_degree,42,1000,800,113089,47301,0.4183,937685.0,381489.0,0.4068,205,True,-29.65,1855,2.32,0.2587,5.7969,0.0,2,0.0034,0.0,0.5261,0.4209,,0.9283
subnetwork_sensitivity,0.02,0.25,0.2,random,42,0.5,highest_degree,42,1000,800,113089,72895,0.6446,937685.0,603859.0,0.644,203,True,-15.27,2399,3.0,0.3225,7.4844,0.0125,55,0.0921,0.0155,0.6803,0.5444,,1.0211
subnetwork_sensitivity,0.03,0.25,0.0,intact,NA,0.5,highest_degree,42,1000,1000,113089,113089,1.0,937685.0,937685.0,1.0,250,True,9.8,19477,19.48,0.903,47.135,1.5575,653,0.8707,0.5559,1.0,1.0,,1.3503
subnetwork_sensitivity,0.03,0.25,0.2,hub,NA,0.5,highest_degree,42,1000,800,113089,47301,0.4183,937685.0,381489.0,0.4068,205,True,-20.38,2393,2.99,0.3088,7.4281,0.05,42,0.0706,0.0648,0.1535,0.1229,,0.9869
subnetwork_sensitivity,0.03,0.25,0.2,random,42,0.5,highest_degree,42,1000,800,113089,72895,0.6446,937685.0,603859.0,0.644,203,True,8.45,6274,7.84,0.6,19.6062,0.0,277,0.464,0.0,0.4025,0.3221,,1.1952
subnetwork_sensitivity,0.02,0.25,0.0,intact,NA,0.5,random,2026,1000,1000,7319,7319,1.0,28581.0,28581.0,1.0,250,True,-49.15,2250,2.25,0.25,5.625,0.0,0,0.0,0.0,1.0,1.0,,0.9995
subnetwork_sensitivity,0.02,0.25,0.2,hub,NA,0.5,random,2026,1000,800,7319,2444,0.3339,28581.0,7976.0,0.2791,213,True,-49.34,1917,2.4,0.2662,5.9906,0.0,0,0.0,0.0,1.0667,0.852,,1.1495
subnetwork_sensitivity,0.02,0.25,0.2,random,42,0.5,random,2026,1000,800,7319,4557,0.6226,28581.0,18182.0,0.6362,203,True,-49.27,1827,2.28,0.2537,5.7094,0.0,0,0.0,0.0,1.0133,0.812,,0.9791
subnetwork_sensitivity,0.03,0.25,0.0,intact,NA,0.5,random,2026,1000,1000,7319,7319,1.0,28581.0,28581.0,1.0,250,True,-48.63,2250,2.25,0.25,5.625,0.0,0,0.0,0.0,1.0,1.0,,1.0129
subnetwork_sensitivity,0.03,0.25,0.2,hub,NA,0.5,random,2026,1000,800,7319,2444,0.3339,28581.0,7976.0,0.2791,213,True,-49.0,1917,2.4,0.2662,5.9906,0.0,0,0.0,0.0,1.0667,0.852,,1.0733
subnetwork_sensitivity,0.03,0.25,0.2,random,42,0.5,random,2026,1000,800,7319,4557,0.6226,28581.0,18182.0,0.6362,203,True,-48.9,1827,2.28,0.2537,5.7094,0.0,0,0.0,0.0,1.0133,0.812,,1.0509
