stimulus_fraction,initial_stimulated_neurons,surviving_stimulated_neurons,effective_stimulus_fraction,lesion_strategy,lesion_fraction,random_seed,initial_neurons,surviving_neurons,initial_edges,surviving_edges,edge_retention,initial_total_synaptic_weight,surviving_total_synaptic_weight,synaptic_weight_retention,largest_weak_component_size,largest_wcc_fraction,total_spikes,mean_firing_rate,median_firing_rate,active_neuron_fraction,max_firing_rate,peak_population_rate,num_nan_inf_values,simulation_stable,stimulus_window_spikes,stimulus_window_rate_hz,post_stimulus_window_spikes,post_stimulus_window_rate_hz,stimulus_to_post_ratio,activity_robustness,spike_count_robustness,active_fraction_robustness,stimulus_window_rate_robustness,post_stimulus_rate_robustness,baseline_normalization_denominator_rate,runtime_seconds
0.25,250,250,0.25,intact,0.0,NA,1000,1000,113089,113089,1.0,937685.0,937685.0,1.0,1000,1.0,2284,2.28,0.0,0.256,9.0,25.5,0,True,2284,5.71,0,0.0,,1.0,1.0,1.0,1.0,,2.28,2.1047
0.1,100,100,0.1,intact,0.0,NA,1000,1000,113089,113089,1.0,937685.0,937685.0,1.0,1000,1.0,900,0.9,0.0,0.1,9.0,10.0,0,True,900,2.25,0,0.0,,1.0,1.0,1.0,1.0,,0.9,2.0456
0.05,50,50,0.05,intact,0.0,NA,1000,1000,113089,113089,1.0,937685.0,937685.0,1.0,1000,1.0,450,0.45,0.0,0.05,9.0,5.0,0,True,450,1.125,0,0.0,,1.0,1.0,1.0,1.0,,0.45,1.9545
0.01,10,10,0.01,intact,0.0,NA,1000,1000,113089,113089,1.0,937685.0,937685.0,1.0,1000,1.0,90,0.09,0.0,0.01,9.0,1.0,0,True,90,0.225,0,0.0,,1.0,1.0,1.0,1.0,,0.09,1.7783
0.0,0,0,0.0,intact,0.0,NA,1000,1000,113089,113089,1.0,937685.0,937685.0,1.0,1000,1.0,0,0.0,0.0,0.0,0.0,0.0,0,True,0,0.0,0,0.0,,,,,,,0.0,1.6889
0.25,250,243,0.2558,hub,0.05,NA,1000,950,113089,86381,0.7638,937685.0,717488.0,0.7652,950,1.0,2216,2.33,0.0,0.26,10.0,25.8947,0,True,2214,5.8263,2,0.0053,1107.0,1.0219,0.9702,1.0156,1.0204,,2.28,1.5982
0.25,250,229,0.2544,hub,0.1,NA,1000,900,113089,69570,0.6152,937685.0,564512.0,0.602,900,1.0,2083,2.31,0.0,0.2544,10.0,25.4444,0,True,2083,5.7861,0,0.0,,1.0132,0.912,0.9938,1.0133,,2.28,2.1944
0.25,250,205,0.2562,hub,0.2,NA,1000,800,113089,47301,0.4183,937685.0,381489.0,0.4068,800,1.0,1845,2.31,0.0,0.2562,9.0,25.625,0,True,1845,5.7656,0,0.0,,1.0132,0.8078,1.0008,1.0097,,2.28,2.122
0.1,100,96,0.1011,hub,0.05,NA,1000,950,113089,86381,0.7638,937685.0,717488.0,0.7652,950,1.0,864,0.91,0.0,0.1011,9.0,10.1053,0,True,864,2.2737,0,0.0,,1.0111,0.96,1.011,1.0105,,0.9,1.7188
0.1,100,90,0.1,hub,0.1,NA,1000,900,113089,69570,0.6152,937685.0,564512.0,0.602,900,1.0,810,0.9,0.0,0.1,9.0,10.0,0,True,810,2.25,0,0.0,,1.0,0.9,1.0,1.0,,0.9,1.945
0.1,100,78,0.0975,hub,0.2,NA,1000,800,113089,47301,0.4183,937685.0,381489.0,0.4068,800,1.0,702,0.88,0.0,0.0975,9.0,9.75,0,True,702,2.1938,0,0.0,,0.9778,0.78,0.975,0.975,,0.9,1.9967
0.05,50,49,0.0516,hub,0.05,NA,1000,950,113089,86381,0.7638,937685.0,717488.0,0.7652,950,1.0,441,0.46,0.0,0.0516,9.0,5.1579,0,True,441,1.1605,0,0.0,,1.0222,0.98,1.032,1.0316,,0.45,1.7178
0.05,50,46,0.0511,hub,0.1,NA,1000,900,113089,69570,0.6152,937685.0,564512.0,0.602,900,1.0,414,0.46,0.0,0.0511,9.0,5.1111,0,True,414,1.15,0,0.0,,1.0222,0.92,1.022,1.0222,,0.45,1.6477
0.05,50,36,0.045,hub,0.2,NA,1000,800,113089,47301,0.4183,937685.0,381489.0,0.4068,800,1.0,324,0.41,0.0,0.045,9.0,4.5,0,True,324,1.0125,0,0.0,,0.9111,0.72,0.9,0.9,,0.45,1.7863
0.01,10,10,0.0105,hub,0.05,NA,1000,950,113089,86381,0.7638,937685.0,717488.0,0.7652,950,1.0,90,0.09,0.0,0.0105,9.0,1.0526,0,True,90,0.2368,0,0.0,,1.0,1.0,1.05,1.0524,,0.09,1.6307
0.01,10,9,0.01,hub,0.1,NA,1000,900,113089,69570,0.6152,937685.0,564512.0,0.602,900,1.0,81,0.09,0.0,0.01,9.0,1.0,0,True,81,0.225,0,0.0,,1.0,0.9,1.0,1.0,,0.09,1.6382
0.01,10,8,0.01,hub,0.2,NA,1000,800,113089,47301,0.4183,937685.0,381489.0,0.4068,800,1.0,72,0.09,0.0,0.01,9.0,1.0,0,True,72,0.225,0,0.0,,1.0,0.8,1.0,1.0,,0.09,1.8057
0.0,0,0,0.0,hub,0.05,NA,1000,950,113089,86381,0.7638,937685.0,717488.0,0.7652,950,1.0,0,0.0,0.0,0.0,0.0,0.0,0,True,0,0.0,0,0.0,,,,,,,0.0,1.6659
0.0,0,0,0.0,hub,0.1,NA,1000,900,113089,69570,0.6152,937685.0,564512.0,0.602,900,1.0,0,0.0,0.0,0.0,0.0,0.0,0,True,0,0.0,0,0.0,,,,,,,0.0,2.0728
0.0,0,0,0.0,hub,0.2,NA,1000,800,113089,47301,0.4183,937685.0,381489.0,0.4068,800,1.0,0,0.0,0.0,0.0,0.0,0.0,0,True,0,0.0,0,0.0,,,,,,,0.0,1.6429
0.25,250,230,0.2421,random,0.05,42,1000,950,113089,101544,0.8979,937685.0,838815.0,0.8946,950,1.0,2079,2.19,0.0,0.2432,9.0,24.3158,0,True,2079,5.4711,0,0.0,,0.9605,0.9102,0.95,0.9582,,2.28,1.9877
0.25,250,236,0.2484,random,0.05,123,1000,950,113089,100243,0.8864,937685.0,831608.0,0.8869,950,1.0,2161,2.27,0.0,0.2537,10.0,25.2632,0,True,2161,5.6868,0,0.0,,0.9956,0.9461,0.991,0.9959,,2.28,1.7198
0.25,250,236,0.2484,random,0.05,456,1000,950,113089,101375,0.8964,937685.0,847748.0,0.9041,950,1.0,2133,2.25,0.0,0.2495,9.0,24.9474,0,True,2133,5.6132,0,0.0,,0.9868,0.9339,0.9746,0.983,,2.28,1.8434
0.25,250,238,0.2505,random,0.05,789,1000,950,113089,102421,0.9057,937685.0,840256.0,0.8961,950,1.0,2164,2.28,0.0,0.2537,9.0,25.3684,0,True,2164,5.6947,0,0.0,,1.0,0.9475,0.991,0.9973,,2.28,1.798
0.25,250,241,0.2537,random,0.05,1000,1000,950,113089,101898,0.901,937685.0,852695.0,0.9094,950,1.0,2207,2.32,0.0,0.2589,10.0,25.7895,0,True,2206,5.8053,1,0.0026,2206.0,1.0175,0.9663,1.0113,1.0167,,2.28,1.3575
0.25,250,225,0.25,random,0.1,42,1000,900,113089,90980,0.8045,937685.0,746754.0,0.7964,900,1.0,2051,2.28,0.0,0.2556,9.0,25.4444,0,True,2051,5.6972,0,0.0,,1.0,0.898,0.9984,0.9978,,2.28,1.7691
0.25,250,225,0.25,random,0.1,123,1000,900,113089,91591,0.8099,937685.0,773282.0,0.8247,900,1.0,2052,2.28,0.0,0.2544,9.0,25.4444,0,True,2052,5.7,0,0.0,,1.0,0.8984,0.9938,0.9982,,2.28,1.8629
0.25,250,230,0.2556,random,0.1,456,1000,900,113089,90163,0.7973,937685.0,753209.0,0.8033,900,1.0,2083,2.31,0.0,0.2578,9.0,25.7778,0,True,2083,5.7861,0,0.0,,1.0132,0.912,1.007,1.0133,,2.28,1.8073
0.25,250,224,0.2489,random,0.1,789,1000,900,113089,91923,0.8128,937685.0,760880.0,0.8114,900,1.0,2046,2.27,0.0,0.2544,9.0,25.4444,0,True,2046,5.6833,0,0.0,,0.9956,0.8958,0.9938,0.9953,,2.28,1.8105
0.25,250,231,0.2567,random,0.1,1000,1000,900,113089,92519,0.8181,937685.0,766244.0,0.8172,900,1.0,2109,2.34,0.0,0.2622,9.0,26.2222,0,True,2109,5.8583,0,0.0,,1.0263,0.9234,1.0242,1.026,,2.28,1.7745
0.25,250,203,0.2537,random,0.2,42,1000,800,113089,72895,0.6446,937685.0,603859.0,0.644,800,1.0,1851,2.31,0.0,0.2575,9.0,25.75,0,True,1851,5.7844,0,0.0,,1.0132,0.8104,1.0059,1.013,,2.28,1.8427
0.25,250,197,0.2462,random,0.2,123,1000,800,113089,72561,0.6416,937685.0,614977.0,0.6558,800,1.0,1794,2.24,0.0,0.2512,9.0,25.0,0,True,1794,5.6063,0,0.0,,0.9825,0.7855,0.9812,0.9818,,2.28,2.0708
0.25,250,203,0.2537,random,0.2,456,1000,800,113089,73680,0.6515,937685.0,593740.0,0.6332,800,1.0,1830,2.29,0.0,0.255,9.0,25.5,0,True,1830,5.7188,0,0.0,,1.0044,0.8012,0.9961,1.0015,,2.28,0.6952
0.25,250,209,0.2612,random,0.2,789,1000,800,113089,73886,0.6533,937685.0,639514.0,0.682,800,1.0,1892,2.37,0.0,0.2637,9.0,26.375,0,True,1892,5.9125,0,0.0,,1.0395,0.8284,1.0301,1.0355,,2.28,0.6496
0.25,250,201,0.2512,random,0.2,1000,1000,800,113089,72572,0.6417,937685.0,581458.0,0.6201,800,1.0,1809,2.26,0.0,0.2512,9.0,25.125,0,True,1809,5.6531,0,0.0,,0.9912,0.792,0.9812,0.99,,2.28,0.5872
0.1,100,97,0.1021,random,0.05,42,1000,950,113089,101544,0.8979,937685.0,838815.0,0.8946,950,1.0,873,0.92,0.0,0.1021,9.0,10.2105,0,True,873,2.2974,0,0.0,,1.0222,0.97,1.021,1.0211,,0.9,2.0965
0.1,100,93,0.0979,random,0.05,123,1000,950,113089,100243,0.8864,937685.0,831608.0,0.8869,950,1.0,837,0.88,0.0,0.0979,9.0,9.7895,0,True,837,2.2026,0,0.0,,0.9778,0.93,0.979,0.9789,,0.9,1.8618
0.1,100,97,0.1021,random,0.05,456,1000,950,113089,101375,0.8964,937685.0,847748.0,0.9041,950,1.0,873,0.92,0.0,0.1021,9.0,10.2105,0,True,873,2.2974,0,0.0,,1.0222,0.97,1.021,1.0211,,0.9,1.9276
0.1,100,99,0.1042,random,0.05,789,1000,950,113089,102421,0.9057,937685.0,840256.0,0.8961,950,1.0,891,0.94,0.0,0.1042,9.0,10.4211,0,True,891,2.3447,0,0.0,,1.0444,0.99,1.042,1.0421,,0.9,2.05
0.1,100,93,0.0979,random,0.05,1000,1000,950,113089,101898,0.901,937685.0,852695.0,0.9094,950,1.0,837,0.88,0.0,0.0979,9.0,9.7895,0,True,837,2.2026,0,0.0,,0.9778,0.93,0.979,0.9789,,0.9,2.384
0.1,100,0,0.0,random,0.1,42,1000,900,113089,90980,0.8045,937685.0,746754.0,0.7964,900,1.0,0,0.0,0.0,0.0,0.0,0.0,0,True,0,0.0,0,0.0,,0.0,0.0,0.0,0.0,,0.9,1.7168
0.1,100,93,0.1033,random,0.1,123,1000,900,113089,91591,0.8099,937685.0,773282.0,0.8247,900,1.0,837,0.93,0.0,0.1033,9.0,10.3333,0,True,837,2.325,0,0.0,,1.0333,0.93,1.033,1.0333,,0.9,1.7681
0.1,100,90,0.1,random,0.1,456,1000,900,113089,90163,0.7973,937685.0,753209.0,0.8033,900,1.0,810,0.9,0.0,0.1,9.0,10.0,0,True,810,2.25,0,0.0,,1.0,0.9,1.0,1.0,,0.9,1.9676
0.1,100,96,0.1067,random,0.1,789,1000,900,113089,91923,0.8128,937685.0,760880.0,0.8114,900,1.0,864,0.96,0.0,0.1067,9.0,10.6667,0,True,864,2.4,0,0.0,,1.0667,0.96,1.067,1.0667,,0.9,2.0316
0.1,100,88,0.0978,random,0.1,1000,1000,900,113089,92519,0.8181,937685.0,766244.0,0.8172,900,1.0,792,0.88,0.0,0.0978,9.0,9.7778,0,True,792,2.2,0,0.0,,0.9778,0.88,0.978,0.9778,,0.9,2.1472
0.1,100,83,0.1037,random,0.2,42,1000,800,113089,72895,0.6446,937685.0,603859.0,0.644,800,1.0,747,0.93,0.0,0.1037,9.0,10.375,0,True,747,2.3344,0,0.0,,1.0333,0.83,1.037,1.0375,,0.9,2.1379
0.1,100,80,0.1,random,0.2,123,1000,800,113089,72561,0.6416,937685.0,614977.0,0.6558,800,1.0,720,0.9,0.0,0.1,9.0,10.0,0,True,720,2.25,0,0.0,,1.0,0.8,1.0,1.0,,0.9,1.851
0.1,100,83,0.1037,random,0.2,456,1000,800,113089,73680,0.6515,937685.0,593740.0,0.6332,800,1.0,747,0.93,0.0,0.1037,9.0,10.375,0,True,747,2.3344,0,0.0,,1.0333,0.83,1.037,1.0375,,0.9,2.1236
0.1,100,78,0.0975,random,0.2,789,1000,800,113089,73886,0.6533,937685.0,639514.0,0.682,800,1.0,702,0.88,0.0,0.0975,9.0,9.75,0,True,702,2.1938,0,0.0,,0.9778,0.78,0.975,0.975,,0.9,1.9066
0.1,100,83,0.1037,random,0.2,1000,1000,800,113089,72572,0.6417,937685.0,581458.0,0.6201,800,1.0,747,0.93,0.0,0.1037,9.0,10.375,0,True,747,2.3344,0,0.0,,1.0333,0.83,1.037,1.0375,,0.9,1.7553
0.05,50,0,0.0,random,0.05,42,1000,950,113089,101544,0.8979,937685.0,838815.0,0.8946,950,1.0,0,0.0,0.0,0.0,0.0,0.0,0,True,0,0.0,0,0.0,,0.0,0.0,0.0,0.0,,0.45,1.7651
0.05,50,47,0.0495,random,0.05,123,1000,950,113089,100243,0.8864,937685.0,831608.0,0.8869,950,1.0,423,0.45,0.0,0.0495,9.0,4.9474,0,True,423,1.1132,0,0.0,,1.0,0.94,0.99,0.9895,,0.45,1.6786
0.05,50,46,0.0484,random,0.05,456,1000,950,113089,101375,0.8964,937685.0,847748.0,0.9041,950,1.0,415,0.44,0.0,0.0484,10.0,4.8421,0,True,415,1.0921,0,0.0,,0.9778,0.9222,0.968,0.9708,,0.45,1.7437
0.05,50,48,0.0505,random,0.05,789,1000,950,113089,102421,0.9057,937685.0,840256.0,0.8961,950,1.0,432,0.45,0.0,0.0505,9.0,5.0526,0,True,432,1.1368,0,0.0,,1.0,0.96,1.01,1.0105,,0.45,1.7099
0.05,50,46,0.0484,random,0.05,1000,1000,950,113089,101898,0.901,937685.0,852695.0,0.9094,950,1.0,414,0.44,0.0,0.0484,9.0,4.8421,0,True,414,1.0895,0,0.0,,0.9778,0.92,0.968,0.9684,,0.45,1.7493
0.05,50,47,0.0522,random,0.1,42,1000,900,113089,90980,0.8045,937685.0,746754.0,0.7964,900,1.0,423,0.47,0.0,0.0522,9.0,5.2222,0,True,423,1.175,0,0.0,,1.0444,0.94,1.044,1.0444,,0.45,1.7035
0.05,50,44,0.0489,random,0.1,123,1000,900,113089,91591,0.8099,937685.0,773282.0,0.8247,900,1.0,396,0.44,0.0,0.0489,9.0,4.8889,0,True,396,1.1,0,0.0,,0.9778,0.88,0.978,0.9778,,0.45,1.4003
0.05,50,43,0.0478,random,0.1,456,1000,900,113089,90163,0.7973,937685.0,753209.0,0.8033,900,1.0,387,0.43,0.0,0.0478,9.0,4.7778,0,True,387,1.075,0,0.0,,0.9556,0.86,0.956,0.9556,,0.45,1.9247
0.05,50,40,0.0444,random,0.1,789,1000,900,113089,91923,0.8128,937685.0,760880.0,0.8114,900,1.0,360,0.4,0.0,0.0444,9.0,4.4444,0,True,360,1.0,0,0.0,,0.8889,0.8,0.888,0.8889,,0.45,1.7876
0.05,50,45,0.05,random,0.1,1000,1000,900,113089,92519,0.8181,937685.0,766244.0,0.8172,900,1.0,405,0.45,0.0,0.05,9.0,5.0,0,True,405,1.125,0,0.0,,1.0,0.9,1.0,1.0,,0.45,1.8086
0.05,50,37,0.0462,random,0.2,42,1000,800,113089,72895,0.6446,937685.0,603859.0,0.644,800,1.0,333,0.42,0.0,0.0462,9.0,4.625,0,True,333,1.0406,0,0.0,,0.9333,0.74,0.924,0.925,,0.45,1.7931
0.05,50,40,0.05,random,0.2,123,1000,800,113089,72561,0.6416,937685.0,614977.0,0.6558,800,1.0,360,0.45,0.0,0.05,9.0,5.0,0,True,360,1.125,0,0.0,,1.0,0.8,1.0,1.0,,0.45,1.7679
0.05,50,40,0.05,random,0.2,456,1000,800,113089,73680,0.6515,937685.0,593740.0,0.6332,800,1.0,360,0.45,0.0,0.05,9.0,5.0,0,True,360,1.125,0,0.0,,1.0,0.8,1.0,1.0,,0.45,1.5321
0.05,50,37,0.0462,random,0.2,789,1000,800,113089,73886,0.6533,937685.0,639514.0,0.682,800,1.0,333,0.42,0.0,0.0462,9.0,4.625,0,True,333,1.0406,0,0.0,,0.9333,0.74,0.924,0.925,,0.45,1.6898
0.05,50,38,0.0475,random,0.2,1000,1000,800,113089,72572,0.6417,937685.0,581458.0,0.6201,800,1.0,342,0.43,0.0,0.0475,9.0,4.75,0,True,342,1.0688,0,0.0,,0.9556,0.76,0.95,0.95,,0.45,1.7542
0.01,10,8,0.0084,random,0.05,42,1000,950,113089,101544,0.8979,937685.0,838815.0,0.8946,950,1.0,72,0.08,0.0,0.0084,9.0,0.8421,0,True,72,0.1895,0,0.0,,0.8889,0.8,0.84,0.8422,,0.09,1.7894
0.01,10,9,0.0095,random,0.05,123,1000,950,113089,100243,0.8864,937685.0,831608.0,0.8869,950,1.0,81,0.09,0.0,0.0095,9.0,0.9474,0,True,81,0.2132,0,0.0,,1.0,0.9,0.95,0.9476,,0.09,1.8251
0.01,10,10,0.0105,random,0.05,456,1000,950,113089,101375,0.8964,937685.0,847748.0,0.9041,950,1.0,90,0.09,0.0,0.0105,9.0,1.0526,0,True,90,0.2368,0,0.0,,1.0,1.0,1.05,1.0524,,0.09,1.8887
0.01,10,10,0.0105,random,0.05,789,1000,950,113089,102421,0.9057,937685.0,840256.0,0.8961,950,1.0,90,0.09,0.0,0.0105,9.0,1.0526,0,True,90,0.2368,0,0.0,,1.0,1.0,1.05,1.0524,,0.09,1.7336
0.01,10,9,0.0095,random,0.05,1000,1000,950,113089,101898,0.901,937685.0,852695.0,0.9094,950,1.0,81,0.09,0.0,0.0095,9.0,0.9474,0,True,81,0.2132,0,0.0,,1.0,0.9,0.95,0.9476,,0.09,1.7351
0.01,10,8,0.0089,random,0.1,42,1000,900,113089,90980,0.8045,937685.0,746754.0,0.7964,900,1.0,72,0.08,0.0,0.0089,9.0,0.8889,0,True,72,0.2,0,0.0,,0.8889,0.8,0.89,0.8889,,0.09,1.9341
0.01,10,9,0.01,random,0.1,123,1000,900,113089,91591,0.8099,937685.0,773282.0,0.8247,900,1.0,81,0.09,0.0,0.01,9.0,1.0,0,True,81,0.225,0,0.0,,1.0,0.9,1.0,1.0,,0.09,2.0212
0.01,10,10,0.0111,random,0.1,456,1000,900,113089,90163,0.7973,937685.0,753209.0,0.8033,900,1.0,90,0.1,0.0,0.0111,9.0,1.1111,0,True,90,0.25,0,0.0,,1.1111,1.0,1.11,1.1111,,0.09,1.8264
0.01,10,10,0.0111,random,0.1,789,1000,900,113089,91923,0.8128,937685.0,760880.0,0.8114,900,1.0,90,0.1,0.0,0.0111,9.0,1.1111,0,True,90,0.25,0,0.0,,1.1111,1.0,1.11,1.1111,,0.09,1.9525
0.01,10,10,0.0111,random,0.1,1000,1000,900,113089,92519,0.8181,937685.0,766244.0,0.8172,900,1.0,90,0.1,0.0,0.0111,9.0,1.1111,0,True,90,0.25,0,0.0,,1.1111,1.0,1.11,1.1111,,0.09,1.894
0.01,10,10,0.0125,random,0.2,42,1000,800,113089,72895,0.6446,937685.0,603859.0,0.644,800,1.0,90,0.11,0.0,0.0125,9.0,1.25,0,True,90,0.2812,0,0.0,,1.2222,1.0,1.25,1.2498,,0.09,1.8744
0.01,10,8,0.01,random,0.2,123,1000,800,113089,72561,0.6416,937685.0,614977.0,0.6558,800,1.0,72,0.09,0.0,0.01,9.0,1.0,0,True,72,0.225,0,0.0,,1.0,0.8,1.0,1.0,,0.09,1.8343
0.01,10,8,0.01,random,0.2,456,1000,800,113089,73680,0.6515,937685.0,593740.0,0.6332,800,1.0,72,0.09,0.0,0.01,9.0,1.0,0,True,72,0.225,0,0.0,,1.0,0.8,1.0,1.0,,0.09,1.8512
0.01,10,8,0.01,random,0.2,789,1000,800,113089,73886,0.6533,937685.0,639514.0,0.682,800,1.0,72,0.09,0.0,0.01,9.0,1.0,0,True,72,0.225,0,0.0,,1.0,0.8,1.0,1.0,,0.09,2.0202
0.01,10,8,0.01,random,0.2,1000,1000,800,113089,72572,0.6417,937685.0,581458.0,0.6201,800,1.0,72,0.09,0.0,0.01,9.0,1.0,0,True,72,0.225,0,0.0,,1.0,0.8,1.0,1.0,,0.09,1.7897
0.0,0,0,0.0,random,0.05,42,1000,950,113089,101544,0.8979,937685.0,838815.0,0.8946,950,1.0,0,0.0,0.0,0.0,0.0,0.0,0,True,0,0.0,0,0.0,,,,,,,0.0,1.8047
0.0,0,0,0.0,random,0.05,123,1000,950,113089,100243,0.8864,937685.0,831608.0,0.8869,950,1.0,0,0.0,0.0,0.0,0.0,0.0,0,True,0,0.0,0,0.0,,,,,,,0.0,1.6952
0.0,0,0,0.0,random,0.05,456,1000,950,113089,101375,0.8964,937685.0,847748.0,0.9041,950,1.0,0,0.0,0.0,0.0,0.0,0.0,0,True,0,0.0,0,0.0,,,,,,,0.0,1.9848
0.0,0,0,0.0,random,0.05,789,1000,950,113089,102421,0.9057,937685.0,840256.0,0.8961,950,1.0,0,0.0,0.0,0.0,0.0,0.0,0,True,0,0.0,0,0.0,,,,,,,0.0,1.9231
0.0,0,0,0.0,random,0.05,1000,1000,950,113089,101898,0.901,937685.0,852695.0,0.9094,950,1.0,0,0.0,0.0,0.0,0.0,0.0,0,True,0,0.0,0,0.0,,,,,,,0.0,1.7581
0.0,0,0,0.0,random,0.1,42,1000,900,113089,90980,0.8045,937685.0,746754.0,0.7964,900,1.0,0,0.0,0.0,0.0,0.0,0.0,0,True,0,0.0,0,0.0,,,,,,,0.0,1.7364
0.0,0,0,0.0,random,0.1,123,1000,900,113089,91591,0.8099,937685.0,773282.0,0.8247,900,1.0,0,0.0,0.0,0.0,0.0,0.0,0,True,0,0.0,0,0.0,,,,,,,0.0,1.8226
0.0,0,0,0.0,random,0.1,456,1000,900,113089,90163,0.7973,937685.0,753209.0,0.8033,900,1.0,0,0.0,0.0,0.0,0.0,0.0,0,True,0,0.0,0,0.0,,,,,,,0.0,1.6855
0.0,0,0,0.0,random,0.1,789,1000,900,113089,91923,0.8128,937685.0,760880.0,0.8114,900,1.0,0,0.0,0.0,0.0,0.0,0.0,0,True,0,0.0,0,0.0,,,,,,,0.0,1.6499
0.0,0,0,0.0,random,0.1,1000,1000,900,113089,92519,0.8181,937685.0,766244.0,0.8172,900,1.0,0,0.0,0.0,0.0,0.0,0.0,0,True,0,0.0,0,0.0,,,,,,,0.0,1.7004
0.0,0,0,0.0,random,0.2,42,1000,800,113089,72895,0.6446,937685.0,603859.0,0.644,800,1.0,0,0.0,0.0,0.0,0.0,0.0,0,True,0,0.0,0,0.0,,,,,,,0.0,2.0675
0.0,0,0,0.0,random,0.2,123,1000,800,113089,72561,0.6416,937685.0,614977.0,0.6558,800,1.0,0,0.0,0.0,0.0,0.0,0.0,0,True,0,0.0,0,0.0,,,,,,,0.0,1.7827
0.0,0,0,0.0,random,0.2,456,1000,800,113089,73680,0.6515,937685.0,593740.0,0.6332,800,1.0,0,0.0,0.0,0.0,0.0,0.0,0,True,0,0.0,0,0.0,,,,,,,0.0,1.6381
0.0,0,0,0.0,random,0.2,789,1000,800,113089,73886,0.6533,937685.0,639514.0,0.682,800,1.0,0,0.0,0.0,0.0,0.0,0.0,0,True,0,0.0,0,0.0,,,,,,,0.0,1.7509
0.0,0,0,0.0,random,0.2,1000,1000,800,113089,72572,0.6417,937685.0,581458.0,0.6201,800,1.0,0,0.0,0.0,0.0,0.0,0.0,0,True,0,0.0,0,0.0,,,,,,,0.0,1.8023
