stimulus_fraction,initial_stimulated_neurons,surviving_stimulated_neurons,effective_stimulus_fraction,lesion_strategy,lesion_fraction,random_seed,initial_neurons,surviving_neurons,initial_edges,surviving_edges,edge_retention,initial_total_synaptic_weight,surviving_total_synaptic_weight,synaptic_weight_retention,largest_weak_component_size,largest_wcc_fraction,num_weak_components
0.25,250,250,0.25,intact,0.0,NA,1000,1000,113089,113089,1.0,937685.0,937685.0,1.0,1000,1.0,1
0.1,100,100,0.1,intact,0.0,NA,1000,1000,113089,113089,1.0,937685.0,937685.0,1.0,1000,1.0,1
0.05,50,50,0.05,intact,0.0,NA,1000,1000,113089,113089,1.0,937685.0,937685.0,1.0,1000,1.0,1
0.01,10,10,0.01,intact,0.0,NA,1000,1000,113089,113089,1.0,937685.0,937685.0,1.0,1000,1.0,1
0.0,0,0,0.0,intact,0.0,NA,1000,1000,113089,113089,1.0,937685.0,937685.0,1.0,1000,1.0,1
0.25,250,243,0.2558,hub,0.05,NA,1000,950,113089,86381,0.7638,937685.0,717488.0,0.7652,950,1.0,1
0.25,250,229,0.2544,hub,0.1,NA,1000,900,113089,69570,0.6152,937685.0,564512.0,0.602,900,1.0,1
0.25,250,205,0.2562,hub,0.2,NA,1000,800,113089,47301,0.4183,937685.0,381489.0,0.4068,800,1.0,1
0.1,100,96,0.1011,hub,0.05,NA,1000,950,113089,86381,0.7638,937685.0,717488.0,0.7652,950,1.0,1
0.1,100,90,0.1,hub,0.1,NA,1000,900,113089,69570,0.6152,937685.0,564512.0,0.602,900,1.0,1
0.1,100,78,0.0975,hub,0.2,NA,1000,800,113089,47301,0.4183,937685.0,381489.0,0.4068,800,1.0,1
0.05,50,49,0.0516,hub,0.05,NA,1000,950,113089,86381,0.7638,937685.0,717488.0,0.7652,950,1.0,1
0.05,50,46,0.0511,hub,0.1,NA,1000,900,113089,69570,0.6152,937685.0,564512.0,0.602,900,1.0,1
0.05,50,36,0.045,hub,0.2,NA,1000,800,113089,47301,0.4183,937685.0,381489.0,0.4068,800,1.0,1
0.01,10,10,0.0105,hub,0.05,NA,1000,950,113089,86381,0.7638,937685.0,717488.0,0.7652,950,1.0,1
0.01,10,9,0.01,hub,0.1,NA,1000,900,113089,69570,0.6152,937685.0,564512.0,0.602,900,1.0,1
0.01,10,8,0.01,hub,0.2,NA,1000,800,113089,47301,0.4183,937685.0,381489.0,0.4068,800,1.0,1
0.0,0,0,0.0,hub,0.05,NA,1000,950,113089,86381,0.7638,937685.0,717488.0,0.7652,950,1.0,1
0.0,0,0,0.0,hub,0.1,NA,1000,900,113089,69570,0.6152,937685.0,564512.0,0.602,900,1.0,1
0.0,0,0,0.0,hub,0.2,NA,1000,800,113089,47301,0.4183,937685.0,381489.0,0.4068,800,1.0,1
0.25,250,230,0.2421,random,0.05,42,1000,950,113089,101544,0.8979,937685.0,838815.0,0.8946,950,1.0,1
0.25,250,236,0.2484,random,0.05,123,1000,950,113089,100243,0.8864,937685.0,831608.0,0.8869,950,1.0,1
0.25,250,236,0.2484,random,0.05,456,1000,950,113089,101375,0.8964,937685.0,847748.0,0.9041,950,1.0,1
0.25,250,238,0.2505,random,0.05,789,1000,950,113089,102421,0.9057,937685.0,840256.0,0.8961,950,1.0,1
0.25,250,241,0.2537,random,0.05,1000,1000,950,113089,101898,0.901,937685.0,852695.0,0.9094,950,1.0,1
0.25,250,225,0.25,random,0.1,42,1000,900,113089,90980,0.8045,937685.0,746754.0,0.7964,900,1.0,1
0.25,250,225,0.25,random,0.1,123,1000,900,113089,91591,0.8099,937685.0,773282.0,0.8247,900,1.0,1
0.25,250,230,0.2556,random,0.1,456,1000,900,113089,90163,0.7973,937685.0,753209.0,0.8033,900,1.0,1
0.25,250,224,0.2489,random,0.1,789,1000,900,113089,91923,0.8128,937685.0,760880.0,0.8114,900,1.0,1
0.25,250,231,0.2567,random,0.1,1000,1000,900,113089,92519,0.8181,937685.0,766244.0,0.8172,900,1.0,1
0.25,250,203,0.2537,random,0.2,42,1000,800,113089,72895,0.6446,937685.0,603859.0,0.644,800,1.0,1
0.25,250,197,0.2462,random,0.2,123,1000,800,113089,72561,0.6416,937685.0,614977.0,0.6558,800,1.0,1
0.25,250,203,0.2537,random,0.2,456,1000,800,113089,73680,0.6515,937685.0,593740.0,0.6332,800,1.0,1
0.25,250,209,0.2612,random,0.2,789,1000,800,113089,73886,0.6533,937685.0,639514.0,0.682,800,1.0,1
0.25,250,201,0.2512,random,0.2,1000,1000,800,113089,72572,0.6417,937685.0,581458.0,0.6201,800,1.0,1
0.1,100,97,0.1021,random,0.05,42,1000,950,113089,101544,0.8979,937685.0,838815.0,0.8946,950,1.0,1
0.1,100,93,0.0979,random,0.05,123,1000,950,113089,100243,0.8864,937685.0,831608.0,0.8869,950,1.0,1
0.1,100,97,0.1021,random,0.05,456,1000,950,113089,101375,0.8964,937685.0,847748.0,0.9041,950,1.0,1
0.1,100,99,0.1042,random,0.05,789,1000,950,113089,102421,0.9057,937685.0,840256.0,0.8961,950,1.0,1
0.1,100,93,0.0979,random,0.05,1000,1000,950,113089,101898,0.901,937685.0,852695.0,0.9094,950,1.0,1
0.1,100,0,0.0,random,0.1,42,1000,900,113089,90980,0.8045,937685.0,746754.0,0.7964,900,1.0,1
0.1,100,93,0.1033,random,0.1,123,1000,900,113089,91591,0.8099,937685.0,773282.0,0.8247,900,1.0,1
0.1,100,90,0.1,random,0.1,456,1000,900,113089,90163,0.7973,937685.0,753209.0,0.8033,900,1.0,1
0.1,100,96,0.1067,random,0.1,789,1000,900,113089,91923,0.8128,937685.0,760880.0,0.8114,900,1.0,1
0.1,100,88,0.0978,random,0.1,1000,1000,900,113089,92519,0.8181,937685.0,766244.0,0.8172,900,1.0,1
0.1,100,83,0.1037,random,0.2,42,1000,800,113089,72895,0.6446,937685.0,603859.0,0.644,800,1.0,1
0.1,100,80,0.1,random,0.2,123,1000,800,113089,72561,0.6416,937685.0,614977.0,0.6558,800,1.0,1
0.1,100,83,0.1037,random,0.2,456,1000,800,113089,73680,0.6515,937685.0,593740.0,0.6332,800,1.0,1
0.1,100,78,0.0975,random,0.2,789,1000,800,113089,73886,0.6533,937685.0,639514.0,0.682,800,1.0,1
0.1,100,83,0.1037,random,0.2,1000,1000,800,113089,72572,0.6417,937685.0,581458.0,0.6201,800,1.0,1
0.05,50,0,0.0,random,0.05,42,1000,950,113089,101544,0.8979,937685.0,838815.0,0.8946,950,1.0,1
0.05,50,47,0.0495,random,0.05,123,1000,950,113089,100243,0.8864,937685.0,831608.0,0.8869,950,1.0,1
0.05,50,46,0.0484,random,0.05,456,1000,950,113089,101375,0.8964,937685.0,847748.0,0.9041,950,1.0,1
0.05,50,48,0.0505,random,0.05,789,1000,950,113089,102421,0.9057,937685.0,840256.0,0.8961,950,1.0,1
0.05,50,46,0.0484,random,0.05,1000,1000,950,113089,101898,0.901,937685.0,852695.0,0.9094,950,1.0,1
0.05,50,47,0.0522,random,0.1,42,1000,900,113089,90980,0.8045,937685.0,746754.0,0.7964,900,1.0,1
0.05,50,44,0.0489,random,0.1,123,1000,900,113089,91591,0.8099,937685.0,773282.0,0.8247,900,1.0,1
0.05,50,43,0.0478,random,0.1,456,1000,900,113089,90163,0.7973,937685.0,753209.0,0.8033,900,1.0,1
0.05,50,40,0.0444,random,0.1,789,1000,900,113089,91923,0.8128,937685.0,760880.0,0.8114,900,1.0,1
0.05,50,45,0.05,random,0.1,1000,1000,900,113089,92519,0.8181,937685.0,766244.0,0.8172,900,1.0,1
0.05,50,37,0.0462,random,0.2,42,1000,800,113089,72895,0.6446,937685.0,603859.0,0.644,800,1.0,1
0.05,50,40,0.05,random,0.2,123,1000,800,113089,72561,0.6416,937685.0,614977.0,0.6558,800,1.0,1
0.05,50,40,0.05,random,0.2,456,1000,800,113089,73680,0.6515,937685.0,593740.0,0.6332,800,1.0,1
0.05,50,37,0.0462,random,0.2,789,1000,800,113089,73886,0.6533,937685.0,639514.0,0.682,800,1.0,1
0.05,50,38,0.0475,random,0.2,1000,1000,800,113089,72572,0.6417,937685.0,581458.0,0.6201,800,1.0,1
0.01,10,8,0.0084,random,0.05,42,1000,950,113089,101544,0.8979,937685.0,838815.0,0.8946,950,1.0,1
0.01,10,9,0.0095,random,0.05,123,1000,950,113089,100243,0.8864,937685.0,831608.0,0.8869,950,1.0,1
0.01,10,10,0.0105,random,0.05,456,1000,950,113089,101375,0.8964,937685.0,847748.0,0.9041,950,1.0,1
0.01,10,10,0.0105,random,0.05,789,1000,950,113089,102421,0.9057,937685.0,840256.0,0.8961,950,1.0,1
0.01,10,9,0.0095,random,0.05,1000,1000,950,113089,101898,0.901,937685.0,852695.0,0.9094,950,1.0,1
0.01,10,8,0.0089,random,0.1,42,1000,900,113089,90980,0.8045,937685.0,746754.0,0.7964,900,1.0,1
0.01,10,9,0.01,random,0.1,123,1000,900,113089,91591,0.8099,937685.0,773282.0,0.8247,900,1.0,1
0.01,10,10,0.0111,random,0.1,456,1000,900,113089,90163,0.7973,937685.0,753209.0,0.8033,900,1.0,1
0.01,10,10,0.0111,random,0.1,789,1000,900,113089,91923,0.8128,937685.0,760880.0,0.8114,900,1.0,1
0.01,10,10,0.0111,random,0.1,1000,1000,900,113089,92519,0.8181,937685.0,766244.0,0.8172,900,1.0,1
0.01,10,10,0.0125,random,0.2,42,1000,800,113089,72895,0.6446,937685.0,603859.0,0.644,800,1.0,1
0.01,10,8,0.01,random,0.2,123,1000,800,113089,72561,0.6416,937685.0,614977.0,0.6558,800,1.0,1
0.01,10,8,0.01,random,0.2,456,1000,800,113089,73680,0.6515,937685.0,593740.0,0.6332,800,1.0,1
0.01,10,8,0.01,random,0.2,789,1000,800,113089,73886,0.6533,937685.0,639514.0,0.682,800,1.0,1
0.01,10,8,0.01,random,0.2,1000,1000,800,113089,72572,0.6417,937685.0,581458.0,0.6201,800,1.0,1
0.0,0,0,0.0,random,0.05,42,1000,950,113089,101544,0.8979,937685.0,838815.0,0.8946,950,1.0,1
0.0,0,0,0.0,random,0.05,123,1000,950,113089,100243,0.8864,937685.0,831608.0,0.8869,950,1.0,1
0.0,0,0,0.0,random,0.05,456,1000,950,113089,101375,0.8964,937685.0,847748.0,0.9041,950,1.0,1
0.0,0,0,0.0,random,0.05,789,1000,950,113089,102421,0.9057,937685.0,840256.0,0.8961,950,1.0,1
0.0,0,0,0.0,random,0.05,1000,1000,950,113089,101898,0.901,937685.0,852695.0,0.9094,950,1.0,1
0.0,0,0,0.0,random,0.1,42,1000,900,113089,90980,0.8045,937685.0,746754.0,0.7964,900,1.0,1
0.0,0,0,0.0,random,0.1,123,1000,900,113089,91591,0.8099,937685.0,773282.0,0.8247,900,1.0,1
0.0,0,0,0.0,random,0.1,456,1000,900,113089,90163,0.7973,937685.0,753209.0,0.8033,900,1.0,1
0.0,0,0,0.0,random,0.1,789,1000,900,113089,91923,0.8128,937685.0,760880.0,0.8114,900,1.0,1
0.0,0,0,0.0,random,0.1,1000,1000,900,113089,92519,0.8181,937685.0,766244.0,0.8172,900,1.0,1
0.0,0,0,0.0,random,0.2,42,1000,800,113089,72895,0.6446,937685.0,603859.0,0.644,800,1.0,1
0.0,0,0,0.0,random,0.2,123,1000,800,113089,72561,0.6416,937685.0,614977.0,0.6558,800,1.0,1
0.0,0,0,0.0,random,0.2,456,1000,800,113089,73680,0.6515,937685.0,593740.0,0.6332,800,1.0,1
0.0,0,0,0.0,random,0.2,789,1000,800,113089,73886,0.6533,937685.0,639514.0,0.682,800,1.0,1
0.0,0,0,0.0,random,0.2,1000,1000,800,113089,72572,0.6417,937685.0,581458.0,0.6201,800,1.0,1
