stimulus_fraction,lesion_strategy,lesion_fraction,mean_firing_rate_mean,mean_firing_rate_std,spike_count_mean,spike_count_std,active_fraction_mean,active_fraction_std,stimulus_window_rate_mean,post_stimulus_rate_mean,activity_robustness_mean,activity_robustness_std,edge_retention_mean,weight_retention_mean
0.25,intact,0.0,2.28,0.0,2284.0,0.0,0.256,0.0,5.71,0.0,1.0,0.0,1.0,1.0
0.1,intact,0.0,0.9,0.0,900.0,0.0,0.1,0.0,2.25,0.0,1.0,0.0,1.0,1.0
0.05,intact,0.0,0.45,0.0,450.0,0.0,0.05,0.0,1.125,0.0,1.0,0.0,1.0,1.0
0.01,intact,0.0,0.09,0.0,90.0,0.0,0.01,0.0,0.225,0.0,1.0,0.0,1.0,1.0
0.0,intact,0.0,0.0,0.0,0.0,0.0,0.0,0.0,0.0,0.0,,0.0,1.0,1.0
0.25,hub,0.05,2.33,,2216.0,,0.26,,5.8263,0.0053,1.0219,,0.7638,0.7652
0.25,hub,0.1,2.31,,2083.0,,0.2544,,5.7861,0.0,1.0132,,0.6152,0.602
0.25,hub,0.2,2.31,,1845.0,,0.2562,,5.7656,0.0,1.0132,,0.4183,0.4068
0.1,hub,0.05,0.91,,864.0,,0.1011,,2.2737,0.0,1.0111,,0.7638,0.7652
0.1,hub,0.1,0.9,,810.0,,0.1,,2.25,0.0,1.0,,0.6152,0.602
0.1,hub,0.2,0.88,,702.0,,0.0975,,2.1938,0.0,0.9778,,0.4183,0.4068
0.05,hub,0.05,0.46,,441.0,,0.0516,,1.1605,0.0,1.0222,,0.7638,0.7652
0.05,hub,0.1,0.46,,414.0,,0.0511,,1.15,0.0,1.0222,,0.6152,0.602
0.05,hub,0.2,0.41,,324.0,,0.045,,1.0125,0.0,0.9111,,0.4183,0.4068
0.01,hub,0.05,0.09,,90.0,,0.0105,,0.2368,0.0,1.0,,0.7638,0.7652
0.01,hub,0.1,0.09,,81.0,,0.01,,0.225,0.0,1.0,,0.6152,0.602
0.01,hub,0.2,0.09,,72.0,,0.01,,0.225,0.0,1.0,,0.4183,0.4068
0.0,hub,0.05,0.0,,0.0,,0.0,,0.0,0.0,,,0.7638,0.7652
0.0,hub,0.1,0.0,,0.0,,0.0,,0.0,0.0,,,0.6152,0.602
0.0,hub,0.2,0.0,,0.0,,0.0,,0.0,0.0,,,0.4183,0.4068
0.25,random,0.05,2.262,0.0476,2148.8,47.1,0.2518,0.0058,5.6542,0.0005,0.9921,0.0209,0.8975,0.8982
0.25,random,0.1,2.296,0.0288,2068.2,27.1,0.2569,0.0033,5.745,0.0,1.007,0.0126,0.8085,0.8106
0.25,random,0.2,2.294,0.0503,1835.2,38.4,0.2557,0.0052,5.735,0.0,1.0062,0.0221,0.6465,0.647
0.1,random,0.05,0.908,0.0268,862.2,24.1,0.1008,0.0028,2.2689,0.0,1.0089,0.0298,0.8975,0.8982
0.1,random,0.1,0.734,0.4114,660.6,370.3,0.0816,0.0457,1.835,0.0,0.8156,0.4572,0.8085,0.8106
0.1,random,0.2,0.914,0.023,732.6,20.7,0.1017,0.0029,2.2894,0.0,1.0155,0.0256,0.6465,0.647
0.05,random,0.05,0.356,0.1991,336.8,188.4,0.0394,0.022,0.8863,0.0,0.7911,0.4424,0.8975,0.8982
0.05,random,0.1,0.438,0.0259,394.2,23.3,0.0487,0.0029,1.095,0.0,0.9733,0.0575,0.8085,0.8106
0.05,random,0.2,0.434,0.0152,345.6,13.6,0.048,0.0019,1.08,0.0,0.9644,0.0337,0.6465,0.647
0.01,random,0.05,0.088,0.0045,82.8,7.5,0.0097,0.0009,0.2179,0.0,0.9778,0.0497,0.8975,0.8982
0.01,random,0.1,0.094,0.0089,84.6,8.0,0.0104,0.001,0.235,0.0,1.0444,0.0994,0.8085,0.8106
0.01,random,0.2,0.094,0.0089,75.6,8.0,0.0105,0.0011,0.2362,0.0,1.0444,0.0994,0.6465,0.647
0.0,random,0.05,0.0,0.0,0.0,0.0,0.0,0.0,0.0,0.0,,,0.8975,0.8982
0.0,random,0.1,0.0,0.0,0.0,0.0,0.0,0.0,0.0,0.0,,,0.8085,0.8106
0.0,random,0.2,0.0,0.0,0.0,0.0,0.0,0.0,0.0,0.0,,,0.6465,0.647
